id,informality,iterations,jobSeekingNumber,jobSimilarityHierarchy,jobsNumber,perceivedInformalityCoef,replication,socialNetworkCoef,socialNetworkHierarchy,socialNetworkMode,unemployment,unemploymentShare,workPermitShare,workersNumber,openmole$experiment
193,0.18804415306181485,500,20,5.0,200,10.0,-483985754669612945,-5.0,5.0,proximity,0.733147410358565,0.75,0.5,100,1938
194,0.653519468114557,500,20,5.0,200,10.0,-6443633787360296474,0.0,1.0,proximity,0.732350597609561,0.75,0.5,100,1943
199,0.3729563310130115,500,20,5.0,200,10.0,-8870260576639796358,10.0,5.0,proximity,0.7339442231075693,0.75,0.5,100,1998
193,0.16035072917940357,500,20,5.0,200,10.0,7416375361497651352,-5.0,5.0,proximity,0.7308366533864534,0.75,0.5,100,1934
192,0.12689273172357804,500,20,5.0,200,10.0,7353521225409274480,-5.0,1.0,proximity,0.7314342629482071,0.75,0.5,100,1931
191,0.5697821713089665,500,20,5.0,200,10.0,7279252574694220126,-10.0,5.0,proximity,0.7310358565737054,0.75,0.5,100,1918
193,0.6524498524788586,500,20,5.0,200,10.0,-3533582546155977121,-5.0,5.0,proximity,0.7333067729083659,0.75,0.5,100,1941
193,0.1698719530408656,500,20,5.0,200,10.0,5942940828344396945,-5.0,5.0,proximity,0.7350996015936246,0.75,0.5,100,1940
193,0.17446745598590627,500,20,5.0,200,10.0,-5838806562154347379,-5.0,5.0,proximity,0.7321912350597607,0.75,0.5,100,1936
192,0.16463902877249578,500,20,5.0,200,10.0,-8933668368158073949,-5.0,1.0,proximity,0.7354980079681268,0.75,0.5,100,1928
0,0.9649820205887227,500,20,1.0,200,-10.0,-1757433525436184585,-10.0,1.0,proximity,0.19374501992031862,0.25,0.5,100,2
0,0.9490214913309619,500,20,1.0,200,-10.0,2333011923765976646,-10.0,1.0,proximity,0.19019920318725098,0.25,0.5,100,5
0,0.608364733168481,500,20,1.0,200,-10.0,6184519855122867443,-10.0,1.0,proximity,0.19270916334661348,0.25,0.5,100,3
0,0.597208726178035,500,20,1.0,200,-10.0,6668329826996127709,-10.0,1.0,proximity,0.18517928286852597,0.25,0.5,100,10
0,0.984581507385152,500,20,1.0,200,-10.0,-2177764351516083820,-10.0,1.0,proximity,0.19223107569721115,0.25,0.5,100,6
0,0.9240829489282284,500,20,1.0,200,-10.0,-5168875063211504969,-10.0,1.0,proximity,0.20693227091633473,0.25,0.5,100,9
0,0.9686110855161353,500,20,1.0,200,-10.0,-3009425232372187272,-10.0,1.0,proximity,0.19864541832669325,0.25,0.5,100,8
0,0.5786274264850704,500,20,1.0,200,-10.0,-8808302838090210561,-10.0,1.0,proximity,0.2039840637450197,0.25,0.5,100,4
0,0.5153283831496692,500,20,1.0,200,-10.0,-700237390086747,-10.0,1.0,proximity,0.1953386454183268,0.25,0.5,100,7
0,0.6455551822688581,500,20,1.0,200,-10.0,-8066586277182646855,-10.0,1.0,proximity,0.1929482071713147,0.25,0.5,100,11
1,0.5002905405080883,500,20,1.0,200,-10.0,1758246397220569535,-10.0,5.0,proximity,0.19318725099601594,0.25,0.5,100,14
1,0.4916710456475773,500,20,1.0,200,-10.0,3919348212490336345,-10.0,5.0,proximity,0.19099601593625495,0.25,0.5,100,13
1,0.5026011996804609,500,20,1.0,200,-10.0,-5768615251051357616,-10.0,5.0,proximity,0.20374501992031868,0.25,0.5,100,16
1,0.6249700952529076,500,20,1.0,200,-10.0,2729115160905272291,-10.0,5.0,proximity,0.20043824701195218,0.25,0.5,100,20
1,0.6305855339356164,500,20,1.0,200,-10.0,8280628618341595332,-10.0,5.0,proximity,0.20135458167330678,0.25,0.5,100,15
1,0.6433595597363163,500,20,1.0,200,-10.0,-3387803114476238377,-10.0,5.0,proximity,0.21856573705179275,0.25,0.5,100,18
1,0.5384076966543863,500,20,1.0,200,-10.0,-3639026944572559496,-10.0,5.0,proximity,0.19633466135458155,0.25,0.5,100,12
1,0.49888693005844126,500,20,1.0,200,-10.0,-3271446477227905581,-10.0,5.0,proximity,0.20999999999999985,0.25,0.5,100,17
1,0.62124501459307,500,20,1.0,200,-10.0,-5058765449962439773,-10.0,5.0,proximity,0.1899203187250995,0.25,0.5,100,21
1,0.5298056699603334,500,20,1.0,200,-10.0,-7951089943272611942,-10.0,5.0,proximity,0.20211155378486045,0.25,0.5,100,19
2,0.925161548244285,500,20,1.0,200,-10.0,-7582783310966295434,-5.0,1.0,proximity,0.18047808764940237,0.25,0.5,100,22
2,0.9348044605058452,500,20,1.0,200,-10.0,-5106176285111632573,-5.0,1.0,proximity,0.21665338645418328,0.25,0.5,100,26
2,0.9359033921846052,500,20,1.0,200,-10.0,4848690860497048029,-5.0,1.0,proximity,0.19928286852589638,0.25,0.5,100,23
2,0.9139813474798608,500,20,1.0,200,-10.0,6965297485027685595,-5.0,1.0,proximity,0.18968127490039835,0.25,0.5,100,27
2,0.9423180011061152,500,20,1.0,200,-10.0,-7884893047114736269,-5.0,1.0,proximity,0.20844621513944225,0.25,0.5,100,24
2,0.9270142136596699,500,20,1.0,200,-10.0,-3442551293767143434,-5.0,1.0,proximity,0.1955378486055777,0.25,0.5,100,25
2,0.9362694710907244,500,20,1.0,200,-10.0,-7011354477455713997,-5.0,1.0,proximity,0.20549800796812745,0.25,0.5,100,29
2,0.9035614186826786,500,20,1.0,200,-10.0,451108920183409583,-5.0,1.0,proximity,0.19422310756972117,0.25,0.5,100,30
2,0.9261573506704741,500,20,1.0,200,-10.0,-3958339195604610408,-5.0,1.0,proximity,0.20629482071713154,0.25,0.5,100,28
2,0.9214517404824947,500,20,1.0,200,-10.0,-7044871171222814271,-5.0,1.0,proximity,0.19685258964143446,0.25,0.5,100,31
3,0.9053563519643849,500,20,1.0,200,-10.0,5456177724036643694,-5.0,5.0,proximity,0.20314741035856576,0.25,0.5,100,34
3,0.9211996202616928,500,20,1.0,200,-10.0,-7151021419942410872,-5.0,5.0,proximity,0.20171314741035873,0.25,0.5,100,33
3,0.5462155808000083,500,20,1.0,200,-10.0,-6442616034904721243,-5.0,5.0,proximity,0.2062948207171314,0.25,0.5,100,37
3,0.9226622420838305,500,20,1.0,200,-10.0,-3085708276186362774,-5.0,5.0,proximity,0.21079681274900391,0.25,0.5,100,32
3,0.8985694656219182,500,20,1.0,200,-10.0,-5709840609871118357,-5.0,5.0,proximity,0.20023904382470126,0.25,0.5,100,36
3,0.8962417507745898,500,20,1.0,200,-10.0,8691104816431310057,-5.0,5.0,proximity,0.20533864541832664,0.25,0.5,100,35
3,0.8865622999793983,500,20,1.0,200,-10.0,-5763634347456552751,-5.0,5.0,proximity,0.2029083665338645,0.25,0.5,100,38
3,0.898902841453209,500,20,1.0,200,-10.0,-6546512643321660597,-5.0,5.0,proximity,0.21083665338645416,0.25,0.5,100,41
3,0.9209099333662184,500,20,1.0,200,-10.0,-683951814123531027,-5.0,5.0,proximity,0.20031872509960155,0.25,0.5,100,39
3,0.5852571750509196,500,20,1.0,200,-10.0,-1954930273413465788,-5.0,5.0,proximity,0.1975697211155379,0.25,0.5,100,40
4,0.9999501992031873,500,20,1.0,200,-10.0,-2882311491359607375,0.0,1.0,proximity,0.19490039840637438,0.25,0.5,100,42
4,0.9999525706697021,500,20,1.0,200,-10.0,2799057335553208273,0.0,1.0,proximity,0.19155378486055755,0.25,0.5,100,44
4,0.9999468791500664,500,20,1.0,200,-10.0,929429897541576587,0.0,1.0,proximity,0.1961354581673306,0.25,0.5,100,46
4,0.9999446657813191,500,20,1.0,200,-10.0,-8471321362166423876,0.0,1.0,proximity,0.19896414342629484,0.25,0.5,100,45
4,0.999799295560968,500,20,1.0,200,-10.0,-205488901852592042,0.0,1.0,proximity,0.21314741035856574,0.25,0.5,100,50
4,0.9996070591528192,500,20,1.0,200,-10.0,5648633034739756824,0.0,1.0,proximity,0.19350597609561748,0.25,0.5,100,43
4,1.0,500,20,1.0,200,-10.0,3581665421988495754,0.0,1.0,proximity,0.20039840637450188,0.25,0.5,100,47
4,1.0,500,20,1.0,200,-10.0,8446399132535803181,0.0,1.0,proximity,0.2035059760956176,0.25,0.5,100,49
4,1.0,500,20,1.0,200,-10.0,6498383263686246715,0.0,1.0,proximity,0.20533864541832667,0.25,0.5,100,48
4,0.9998120515057238,500,20,1.0,200,-10.0,8428021130084225227,0.0,1.0,proximity,0.21346613545816742,0.25,0.5,100,51
5,1.0,500,20,1.0,200,-10.0,-7087205733485130421,0.0,5.0,proximity,0.19318725099601586,0.25,0.5,100,54
5,1.0,500,20,1.0,200,-10.0,-1533933813121527513,0.0,5.0,proximity,0.2041832669322708,0.25,0.5,100,55
5,1.0,500,20,1.0,200,-10.0,-5058228142806518288,0.0,5.0,proximity,0.19231075697211164,0.25,0.5,100,53
5,0.999507817090086,500,20,1.0,200,-10.0,-5929458098997828861,0.0,5.0,proximity,0.19880478087649392,0.25,0.5,100,56
5,0.5498336700936752,500,20,1.0,200,-10.0,3394024269195950964,0.0,5.0,proximity,0.20932270916334653,0.25,0.5,100,52
5,0.9997581144508748,500,20,1.0,200,-10.0,5314547055806741245,0.0,5.0,proximity,0.2153386454183267,0.25,0.5,100,60
5,0.9998200235060544,500,20,1.0,200,-10.0,-4943696654853908044,0.0,5.0,proximity,0.19043824701195222,0.25,0.5,100,57
5,1.0,500,20,1.0,200,-10.0,8612256821357552274,0.0,5.0,proximity,0.20486055776892423,0.25,0.5,100,58
5,0.9999009826701223,500,20,1.0,200,-10.0,9060562138660147116,0.0,5.0,proximity,0.20749003984063744,0.25,0.5,100,59
5,0.9998075421960405,500,20,1.0,200,-10.0,7196865150084376449,0.0,5.0,proximity,0.19557768924302787,0.25,0.5,100,61
6,0.7515229443574447,500,20,1.0,200,-10.0,-8779819246153741670,5.0,1.0,proximity,0.17553784860557747,0.25,0.5,100,62
6,0.44985854659364516,500,20,1.0,200,-10.0,8378124558138308601,5.0,1.0,proximity,0.20079681274900396,0.25,0.5,100,66
6,0.5452065804461611,500,20,1.0,200,-10.0,-8682465425192738784,5.0,1.0,proximity,0.18908366533864537,0.25,0.5,100,65
6,0.6408561123293649,500,20,1.0,200,-10.0,-2455330048974037774,5.0,1.0,proximity,0.20103585657370512,0.25,0.5,100,64
6,0.49755354486959474,500,20,1.0,200,-10.0,4084317136219037095,5.0,1.0,proximity,0.1862549800796814,0.25,0.5,100,63
6,0.5560671494099801,500,20,1.0,200,-10.0,7000521370572506689,5.0,1.0,proximity,0.21282868525896415,0.25,0.5,100,67
6,0.5421175153896497,500,20,1.0,200,-10.0,-5454388765400649776,5.0,1.0,proximity,0.19334661354581667,0.25,0.5,100,69
6,0.40582211671167895,500,20,1.0,200,-10.0,-1703952487187698376,5.0,1.0,proximity,0.2036653386454183,0.25,0.5,100,70
6,0.6051304675020535,500,20,1.0,200,-10.0,8552331077927388295,5.0,1.0,proximity,0.1997609561752987,0.25,0.5,100,68
6,0.505099297943315,500,20,1.0,200,-10.0,-2892624290494272188,5.0,1.0,proximity,0.17219123505976078,0.25,0.5,100,71
7,0.5003634157114011,500,20,1.0,200,-10.0,3909447051130771928,5.0,5.0,proximity,0.21350597609561736,0.25,0.5,100,75
7,0.4499131655977644,500,20,1.0,200,-10.0,-3063198345073081807,5.0,5.0,proximity,0.2264940239043824,0.25,0.5,100,72
7,0.3609383012983916,500,20,1.0,200,-10.0,1947442103134893684,5.0,5.0,proximity,0.20633466135458173,0.25,0.5,100,76
7,0.34983335405712196,500,20,1.0,200,-10.0,7669784949420227348,5.0,5.0,proximity,0.19366533864541838,0.25,0.5,100,74
7,0.4509289393495376,500,20,1.0,200,-10.0,-2202775438184180639,5.0,5.0,proximity,0.20824701195219109,0.25,0.5,100,73
7,0.4236557073518672,500,20,1.0,200,-10.0,-5451886463613482418,5.0,5.0,proximity,0.19992031872509944,0.25,0.5,100,77
7,0.6076645443700438,500,20,1.0,200,-10.0,-1638291833490544435,5.0,5.0,proximity,0.2029880478087649,0.25,0.5,100,79
7,0.4443677176257599,500,20,1.0,200,-10.0,-2792262053658925421,5.0,5.0,proximity,0.19912350597609554,0.25,0.5,100,78
7,0.4056099817286248,500,20,1.0,200,-10.0,8330727548032059550,5.0,5.0,proximity,0.19848605577689232,0.25,0.5,100,80
7,0.4687113981889471,500,20,1.0,200,-10.0,6911336122690734114,5.0,5.0,proximity,0.18179282868525898,0.25,0.5,100,81
8,0.5564773908463688,500,20,1.0,200,-10.0,-6353193697333239460,10.0,1.0,proximity,0.1839043824701196,0.25,0.5,100,85
8,0.6066160753805488,500,20,1.0,200,-10.0,-3990455631467722357,10.0,1.0,proximity,0.18314741035856574,0.25,0.5,100,82
8,0.5119279825841453,500,20,1.0,200,-10.0,1770388873239604932,10.0,1.0,proximity,0.18115537848605573,0.25,0.5,100,87
8,0.3590831186357547,500,20,1.0,200,-10.0,8152792492722167398,10.0,1.0,proximity,0.2044621513944223,0.25,0.5,100,86
8,0.3765176547408517,500,20,1.0,200,-10.0,-5965474524154833552,10.0,1.0,proximity,0.19203187250996012,0.25,0.5,100,84
8,0.403106377170725,500,20,1.0,200,-10.0,8092357628836151931,10.0,1.0,proximity,0.1941832669322708,0.25,0.5,100,83
8,0.40557017141363866,500,20,1.0,200,-10.0,-8945224982149136882,10.0,1.0,proximity,0.20553784860557772,0.25,0.5,100,88
8,0.7033625417207743,500,20,1.0,200,-10.0,-3007372439566436167,10.0,1.0,proximity,0.20717131474103556,0.25,0.5,100,89
8,0.6285187282699682,500,20,1.0,200,-10.0,1456218706506537682,10.0,1.0,proximity,0.19848605577689235,0.25,0.5,100,90
8,0.3972293077063272,500,20,1.0,200,-10.0,-4082475905711566258,10.0,1.0,proximity,0.20326693227091638,0.25,0.5,100,91
9,0.5112787538288217,500,20,1.0,200,-10.0,-8567097726894071411,10.0,5.0,proximity,0.1921513944223108,0.25,0.5,100,93
9,0.5033426400726082,500,20,1.0,200,-10.0,-1116921988025474244,10.0,5.0,proximity,0.23187250996015926,0.25,0.5,100,92
9,0.4684955705151959,500,20,1.0,200,-10.0,-4197223975114170417,10.0,5.0,proximity,0.1930677290836653,0.25,0.5,100,97
9,0.35930160608342065,500,20,1.0,200,-10.0,-4724119716930203936,10.0,5.0,proximity,0.2013944223107569,0.25,0.5,100,94
9,0.5567903182758972,500,20,1.0,200,-10.0,8570754510076484376,10.0,5.0,proximity,0.1896812749003984,0.25,0.5,100,95
9,0.5015464441864546,500,20,1.0,200,-10.0,9035731969491131344,10.0,5.0,proximity,0.21466135458167332,0.25,0.5,100,96
9,0.4476431725245246,500,20,1.0,200,-10.0,-8307679873698215383,10.0,5.0,proximity,0.19772908366533862,0.25,0.5,100,98
9,0.581851129382605,500,20,1.0,200,-10.0,8789852842564683934,10.0,5.0,proximity,0.1926294820717131,0.25,0.5,100,101
9,0.7497357238706701,500,20,1.0,200,-10.0,4835743120920413872,10.0,5.0,proximity,0.20390438247011952,0.25,0.5,100,100
9,0.5579494415788266,500,20,1.0,200,-10.0,2888357767914453426,10.0,5.0,proximity,0.21071713147410354,0.25,0.5,100,99
10,0.9880793777498721,500,20,5.0,200,-10.0,-1211909654694713008,-10.0,1.0,proximity,0.20657370517928272,0.25,0.5,100,102
10,0.5908523967137548,500,20,5.0,200,-10.0,8117277131644577908,-10.0,1.0,proximity,0.1982470119521912,0.25,0.5,100,103
10,0.992524706070082,500,20,5.0,200,-10.0,-5845596489998134637,-10.0,1.0,proximity,0.1950597609561753,0.25,0.5,100,104
10,0.9067822022574775,500,20,5.0,200,-10.0,7762594311579936084,-10.0,1.0,proximity,0.19565737051792823,0.25,0.5,100,105
10,0.9855951156381171,500,20,5.0,200,-10.0,6839040164512575696,-10.0,1.0,proximity,0.20334661354581662,0.25,0.5,100,106
10,0.9816960674628594,500,20,5.0,200,-10.0,8740144706182361461,-10.0,1.0,proximity,0.20358565737051793,0.25,0.5,100,108
10,0.9893153928228863,500,20,5.0,200,-10.0,4626584339077083772,-10.0,1.0,proximity,0.20776892430278893,0.25,0.5,100,107
10,0.45339069595041553,500,20,5.0,200,-10.0,-2029736538551541558,-10.0,1.0,proximity,0.20350597609561769,0.25,0.5,100,109
10,1.0,500,20,5.0,200,-10.0,-1756118978190584062,-10.0,1.0,proximity,0.2020318725099602,0.25,0.5,100,111
10,0.6313498763371371,500,20,5.0,200,-10.0,-6679189194963004753,-10.0,1.0,proximity,0.19653386454183275,0.25,0.5,100,110
11,0.631179779665853,500,20,5.0,200,-10.0,-7538829174597623906,-10.0,5.0,proximity,0.19442231075697217,0.25,0.5,100,112
11,0.4589752808783875,500,20,5.0,200,-10.0,9128284294442664498,-10.0,5.0,proximity,0.21864541832669313,0.25,0.5,100,114
11,0.6030385912508772,500,20,5.0,200,-10.0,-7277451471826142568,-10.0,5.0,proximity,0.20772908366533874,0.25,0.5,100,113
11,0.5105369037356954,500,20,5.0,200,-10.0,1836210147339908078,-10.0,5.0,proximity,0.20840637450199187,0.25,0.5,100,115
11,0.5823372542602582,500,20,5.0,200,-10.0,-6375314920536367969,-10.0,5.0,proximity,0.2011553784860558,0.25,0.5,100,117
11,0.6154818920969656,500,20,5.0,200,-10.0,3723125072675443667,-10.0,5.0,proximity,0.2064940239043824,0.25,0.5,100,116
11,0.6119013334224316,500,20,5.0,200,-10.0,-6430423055386415900,-10.0,5.0,proximity,0.19976095617529882,0.25,0.5,100,118
11,0.6281080106429503,500,20,5.0,200,-10.0,-5103513177446794362,-10.0,5.0,proximity,0.2044621513944223,0.25,0.5,100,119
11,0.4153200434921375,500,20,5.0,200,-10.0,-4839820603013191420,-10.0,5.0,proximity,0.19059760956175298,0.25,0.5,100,120
11,0.6601271006651184,500,20,5.0,200,-10.0,-4344480918014902838,-10.0,5.0,proximity,0.20298804780876498,0.25,0.5,100,121
12,0.995073605719839,500,20,5.0,200,-10.0,-3512968526614590924,-5.0,1.0,proximity,0.1974103585657371,0.25,0.5,100,122
12,0.9973683140970012,500,20,5.0,200,-10.0,5008741788354214245,-5.0,1.0,proximity,0.17992031872509964,0.25,0.5,100,125
12,0.9983358072510472,500,20,5.0,200,-10.0,-3181258360218081351,-5.0,1.0,proximity,0.20565737051792832,0.25,0.5,100,124
12,0.9968000933562149,500,20,5.0,200,-10.0,-3286942411902591335,-5.0,1.0,proximity,0.20243027888446208,0.25,0.5,100,123
12,0.9971707737888973,500,20,5.0,200,-10.0,-3459039193652196384,-5.0,1.0,proximity,0.21450199203187245,0.25,0.5,100,126
12,0.9957274736323523,500,20,5.0,200,-10.0,8472531299429831140,-5.0,1.0,proximity,0.201195219123506,0.25,0.5,100,128
12,0.9958385768713255,500,20,5.0,200,-10.0,-8420331314819611202,-5.0,1.0,proximity,0.20318725099601573,0.25,0.5,100,127
12,0.9962257783323898,500,20,5.0,200,-10.0,-7108223766848290716,-5.0,1.0,proximity,0.2061752988047808,0.25,0.5,100,131
12,0.9977962548642152,500,20,5.0,200,-10.0,-6074121853927775487,-5.0,1.0,proximity,0.18904382470119524,0.25,0.5,100,130
12,0.5580546042269526,500,20,5.0,200,-10.0,-3880965706524386527,-5.0,1.0,proximity,0.20446215139442217,0.25,0.5,100,129
13,0.9958713753035779,500,20,5.0,200,-10.0,1651530035725370370,-5.0,5.0,proximity,0.19673306772908364,0.25,0.5,100,132
13,0.9964930488604599,500,20,5.0,200,-10.0,-2806716722496681653,-5.0,5.0,proximity,0.20884462151394415,0.25,0.5,100,134
13,0.9957235723043929,500,20,5.0,200,-10.0,1942804237514300298,-5.0,5.0,proximity,0.18717131474103574,0.25,0.5,100,135
13,0.9983685119305562,500,20,5.0,200,-10.0,8525354996571830500,-5.0,5.0,proximity,0.200836653386454,0.25,0.5,100,133
13,0.9940970149401883,500,20,5.0,200,-10.0,50096017472114787,-5.0,5.0,proximity,0.1895219123505977,0.25,0.5,100,137
13,0.39772166182879476,500,20,5.0,200,-10.0,5581589600515912571,-5.0,5.0,proximity,0.2018725099601594,0.25,0.5,100,136
13,0.9970948438150039,500,20,5.0,200,-10.0,9149895952181515025,-5.0,5.0,proximity,0.20215139442231067,0.25,0.5,100,138
13,0.37090063590845496,500,20,5.0,200,-10.0,-6178162737967375912,-5.0,5.0,proximity,0.20494023904382475,0.25,0.5,100,139
13,0.9981191472583074,500,20,5.0,200,-10.0,7843523597175072166,-5.0,5.0,proximity,0.20223107569721102,0.25,0.5,100,140
13,0.9958374957531306,500,20,5.0,200,-10.0,-552436364467393337,-5.0,5.0,proximity,0.20482071713147418,0.25,0.5,100,141
14,1.0,500,20,5.0,200,-10.0,-3801366855631550798,0.0,1.0,proximity,0.1966533864541833,0.25,0.5,100,142
14,1.0,500,20,5.0,200,-10.0,195963717321988929,0.0,1.0,proximity,0.1758167330677291,0.25,0.5,100,145
14,1.0,500,20,5.0,200,-10.0,2062145561367108332,0.0,1.0,proximity,0.20589641434262956,0.25,0.5,100,143
14,1.0,500,20,5.0,200,-10.0,3660617291722086679,0.0,1.0,proximity,0.18143426294820716,0.25,0.5,100,144
14,0.6449420072188452,500,20,5.0,200,-10.0,7771401849446231155,0.0,1.0,proximity,0.18880478087649402,0.25,0.5,100,147
14,1.0,500,20,5.0,200,-10.0,-6544498625827495667,0.0,1.0,proximity,0.20410358565737047,0.25,0.5,100,146
14,1.0,500,20,5.0,200,-10.0,5944695556001959728,0.0,1.0,proximity,0.2025498007968127,0.25,0.5,100,148
14,1.0,500,20,5.0,200,-10.0,-6913017940876079721,0.0,1.0,proximity,0.1945019920318725,0.25,0.5,100,151
14,1.0,500,20,5.0,200,-10.0,-1987139068574545613,0.0,1.0,proximity,0.2058964143426293,0.25,0.5,100,149
14,1.0,500,20,5.0,200,-10.0,1059558529680981405,0.0,1.0,proximity,0.1927490039840637,0.25,0.5,100,150
15,1.0,500,20,5.0,200,-10.0,-7320643281365539232,0.0,5.0,proximity,0.19011952191235065,0.25,0.5,100,152
15,1.0,500,20,5.0,200,-10.0,-2704761391614017274,0.0,5.0,proximity,0.20258964143426292,0.25,0.5,100,153
15,0.5725983292018269,500,20,5.0,200,-10.0,-2485995499235517518,0.0,5.0,proximity,0.20167330677290837,0.25,0.5,100,154
15,1.0,500,20,5.0,200,-10.0,-5310921642673465944,0.0,5.0,proximity,0.2038645418326694,0.25,0.5,100,155
15,1.0,500,20,5.0,200,-10.0,6569537047008553826,0.0,5.0,proximity,0.18952191235059762,0.25,0.5,100,157
15,1.0,500,20,5.0,200,-10.0,1121140638874257049,0.0,5.0,proximity,0.21521912350597605,0.25,0.5,100,156
15,1.0,500,20,5.0,200,-10.0,-4760961880402896515,0.0,5.0,proximity,0.21003984063745018,0.25,0.5,100,158
15,1.0,500,20,5.0,200,-10.0,-5136163410220784976,0.0,5.0,proximity,0.19749003984063748,0.25,0.5,100,159
15,1.0,500,20,5.0,200,-10.0,2558705796201357230,0.0,5.0,proximity,0.19721115537848596,0.25,0.5,100,161
15,1.0,500,20,5.0,200,-10.0,-4097448395928067111,0.0,5.0,proximity,0.2036254980079682,0.25,0.5,100,160
16,0.5307193257269556,500,20,5.0,200,-10.0,-3510011506890462184,5.0,1.0,proximity,0.18721115537848615,0.25,0.5,100,162
16,0.35648660967555035,500,20,5.0,200,-10.0,-2670378359701321640,5.0,1.0,proximity,0.20127490039840626,0.25,0.5,100,163
16,0.3252461639997749,500,20,5.0,200,-10.0,7004915833794397270,5.0,1.0,proximity,0.21450199203187237,0.25,0.5,100,164
16,0.5953810153511584,500,20,5.0,200,-10.0,-1474824537714221123,5.0,1.0,proximity,0.2082470119521912,0.25,0.5,100,166
16,0.4521681373706462,500,20,5.0,200,-10.0,1350291396903430799,5.0,1.0,proximity,0.2136254980079681,0.25,0.5,100,167
16,0.5115618573012322,500,20,5.0,200,-10.0,2736836931311987242,5.0,1.0,proximity,0.1920318725099601,0.25,0.5,100,165
16,0.5304835313940643,500,20,5.0,200,-10.0,-6417598770717946522,5.0,1.0,proximity,0.2071314741035857,0.25,0.5,100,168
16,0.5770107741000106,500,20,5.0,200,-10.0,5512591656372827663,5.0,1.0,proximity,0.2020318725099601,0.25,0.5,100,169
16,0.4384847134151282,500,20,5.0,200,-10.0,-8046185729106550091,5.0,1.0,proximity,0.20685258964143424,0.25,0.5,100,170
16,0.5611938046261636,500,20,5.0,200,-10.0,2707118621819384865,5.0,1.0,proximity,0.2087250996015936,0.25,0.5,100,171
17,0.5091229454838693,500,20,5.0,200,-10.0,-7779341981638762483,5.0,5.0,proximity,0.18868525896414343,0.25,0.5,100,172
17,0.6147585459983476,500,20,5.0,200,-10.0,5319241806225974643,5.0,5.0,proximity,0.1815139442231076,0.25,0.5,100,173
17,0.5491004724012132,500,20,5.0,200,-10.0,-7839879828305743365,5.0,5.0,proximity,0.21095617529880464,0.25,0.5,100,174
17,0.447920036338979,500,20,5.0,200,-10.0,-5283446777634421365,5.0,5.0,proximity,0.19207171314741023,0.25,0.5,100,175
17,0.4547364660366362,500,20,5.0,200,-10.0,-6179182978436187353,5.0,5.0,proximity,0.1985258964143425,0.25,0.5,100,176
17,0.403450018206214,500,20,5.0,200,-10.0,6396853851782867279,5.0,5.0,proximity,0.20023904382470128,0.25,0.5,100,177
17,0.6206459930384366,500,20,5.0,200,-10.0,7603701817889450419,5.0,5.0,proximity,0.213386454183267,0.25,0.5,100,178
17,0.3880805553096027,500,20,5.0,200,-10.0,800984483501267911,5.0,5.0,proximity,0.19677290836653386,0.25,0.5,100,180
17,0.4617400100177467,500,20,5.0,200,-10.0,-1881320276366610555,5.0,5.0,proximity,0.193386454183267,0.25,0.5,100,179
17,0.41245494719579107,500,20,5.0,200,-10.0,-8408065990353649789,5.0,5.0,proximity,0.20844621513944225,0.25,0.5,100,181
18,0.5988402521598429,500,20,5.0,200,-10.0,6811756931447753199,10.0,1.0,proximity,0.2020717131474104,0.25,0.5,100,183
18,0.5688248523256322,500,20,5.0,200,-10.0,7158835826820772230,10.0,1.0,proximity,0.19812749003984073,0.25,0.5,100,182
18,0.6095318736756727,500,20,5.0,200,-10.0,-6401663485439713790,10.0,1.0,proximity,0.2019123505976094,0.25,0.5,100,184
18,0.39481712443132755,500,20,5.0,200,-10.0,-562872577395964856,10.0,1.0,proximity,0.2012749003984064,0.25,0.5,100,185
18,0.7012657207834786,500,20,5.0,200,-10.0,879477382998111397,10.0,1.0,proximity,0.18932270916334668,0.25,0.5,100,187
18,0.38786849450066313,500,20,5.0,200,-10.0,-6516740524154187367,10.0,1.0,proximity,0.19657370517928285,0.25,0.5,100,186
18,0.4138613835419585,500,20,5.0,200,-10.0,-4722007983504494116,10.0,1.0,proximity,0.19988047808764958,0.25,0.5,100,189
18,0.399850470719738,500,20,5.0,200,-10.0,-7962027423362313678,10.0,1.0,proximity,0.20127490039840634,0.25,0.5,100,188
18,0.469194051483514,500,20,5.0,200,-10.0,3301530102651354233,10.0,1.0,proximity,0.19653386454183264,0.25,0.5,100,190
18,0.520731991315498,500,20,5.0,200,-10.0,2996694827705944034,10.0,1.0,proximity,0.18872509960159364,0.25,0.5,100,191
19,0.6939033158295468,500,20,5.0,200,-10.0,5963562555211585901,10.0,5.0,proximity,0.2081274900398406,0.25,0.5,100,194
19,0.25975577077973433,500,20,5.0,200,-10.0,5047610142643725948,10.0,5.0,proximity,0.19585657370517914,0.25,0.5,100,192
19,0.3124531759295425,500,20,5.0,200,-10.0,-4976663346220491152,10.0,5.0,proximity,0.213187250996016,0.25,0.5,100,193
19,0.4755509329755934,500,20,5.0,200,-10.0,8486011544173413197,10.0,5.0,proximity,0.19151394422310763,0.25,0.5,100,195
19,0.3360823774347011,500,20,5.0,200,-10.0,8177300323365396454,10.0,5.0,proximity,0.20920318725099582,0.25,0.5,100,196
19,0.5251407278976006,500,20,5.0,200,-10.0,1163691739952550200,10.0,5.0,proximity,0.21486055776892415,0.25,0.5,100,197
19,0.3847542262961458,500,20,5.0,200,-10.0,-4014629586456786474,10.0,5.0,proximity,0.19254980079681264,0.25,0.5,100,198
19,0.3561157633589924,500,20,5.0,200,-10.0,8351977482268429833,10.0,5.0,proximity,0.18585657370517916,0.25,0.5,100,199
19,0.6051578986888778,500,20,5.0,200,-10.0,5672957609395849220,10.0,5.0,proximity,0.17517928286852602,0.25,0.5,100,200
19,0.6552166899305898,500,20,5.0,200,-10.0,5411674169166754732,10.0,5.0,proximity,0.21227091633466133,0.25,0.5,100,201
20,0.5150051737529884,500,20,1.0,200,-5.0,1145971928680982535,-10.0,1.0,proximity,0.192589641434263,0.25,0.5,100,202
20,0.8157511798096198,500,20,1.0,200,-5.0,-3361806084605289774,-10.0,1.0,proximity,0.19398406374502006,0.25,0.5,100,203
20,0.9296581466066127,500,20,1.0,200,-5.0,-4048544694717546880,-10.0,1.0,proximity,0.19207171314741014,0.25,0.5,100,204
20,0.5792604600361853,500,20,1.0,200,-5.0,-8529974829150679260,-10.0,1.0,proximity,0.2076892430278883,0.25,0.5,100,207
20,0.9604221739103486,500,20,1.0,200,-5.0,-7424755921416475264,-10.0,1.0,proximity,0.21418326693227088,0.25,0.5,100,205
20,0.9631389006686302,500,20,1.0,200,-5.0,-26608982746527691,-10.0,1.0,proximity,0.18000000000000002,0.25,0.5,100,206
20,0.5679631724221587,500,20,1.0,200,-5.0,-7836915027299221963,-10.0,1.0,proximity,0.20474103585657374,0.25,0.5,100,208
20,0.9690695452074617,500,20,1.0,200,-5.0,649086736611820874,-10.0,1.0,proximity,0.22725099601593635,0.25,0.5,100,210
20,0.9153510299261293,500,20,1.0,200,-5.0,-580958971257235211,-10.0,1.0,proximity,0.19661354581673293,0.25,0.5,100,209
20,0.5024290632592178,500,20,1.0,200,-5.0,-8759888927014714641,-10.0,1.0,proximity,0.1978486055776893,0.25,0.5,100,211
21,0.6181347449146888,500,20,1.0,200,-5.0,4856435256158250880,-10.0,5.0,proximity,0.21936254980079664,0.25,0.5,100,213
21,0.640753969441516,500,20,1.0,200,-5.0,4938123846052349363,-10.0,5.0,proximity,0.19880478087649403,0.25,0.5,100,212
21,0.5279127876056725,500,20,1.0,200,-5.0,822584750812173147,-10.0,5.0,proximity,0.20290836653386454,0.25,0.5,100,214
21,0.4435180894840888,500,20,1.0,200,-5.0,3655730562781797760,-10.0,5.0,proximity,0.19840637450199203,0.25,0.5,100,215
21,0.6031314183398923,500,20,1.0,200,-5.0,-2025231572628033208,-10.0,5.0,proximity,0.19864541832669314,0.25,0.5,100,216
21,0.5373824425399839,500,20,1.0,200,-5.0,7095157608474558216,-10.0,5.0,proximity,0.20023904382470123,0.25,0.5,100,218
21,0.6776176649958782,500,20,1.0,200,-5.0,643399815279980546,-10.0,5.0,proximity,0.2194023904382472,0.25,0.5,100,217
21,0.5554992976428917,500,20,1.0,200,-5.0,8231104394119552473,-10.0,5.0,proximity,0.19398406374502,0.25,0.5,100,220
21,0.37584170884071805,500,20,1.0,200,-5.0,8208326841509535938,-10.0,5.0,proximity,0.19988047808764933,0.25,0.5,100,219
21,0.5736884182114209,500,20,1.0,200,-5.0,8194085755146741379,-10.0,5.0,proximity,0.1915139442231076,0.25,0.5,100,221
22,0.8364742985803922,500,20,1.0,200,-5.0,5896886059627662156,-5.0,1.0,proximity,0.1953386454183266,0.25,0.5,100,222
22,0.8399907265604045,500,20,1.0,200,-5.0,4751403165708244099,-5.0,1.0,proximity,0.21338645418326685,0.25,0.5,100,223
22,0.4485678390422987,500,20,1.0,200,-5.0,3003924047051309791,-5.0,1.0,proximity,0.2142629482071713,0.25,0.5,100,225
22,0.8053678210942377,500,20,1.0,200,-5.0,6410250438581741566,-5.0,1.0,proximity,0.20780876494023912,0.25,0.5,100,224
22,0.8180916975173885,500,20,1.0,200,-5.0,-7726645856630814849,-5.0,1.0,proximity,0.19486055776892425,0.25,0.5,100,226
22,0.8114736691049941,500,20,1.0,200,-5.0,-7972051915425212544,-5.0,1.0,proximity,0.19346613545816724,0.25,0.5,100,230
22,0.7843167106809595,500,20,1.0,200,-5.0,8166740261065770360,-5.0,1.0,proximity,0.20446215139442225,0.25,0.5,100,229
22,0.816336660846479,500,20,1.0,200,-5.0,-3021007759079960626,-5.0,1.0,proximity,0.18908366533864548,0.25,0.5,100,227
22,0.8361547384879027,500,20,1.0,200,-5.0,-6583149177110466570,-5.0,1.0,proximity,0.19856573705179292,0.25,0.5,100,228
22,0.41475351169910296,500,20,1.0,200,-5.0,3591134953109980900,-5.0,1.0,proximity,0.181035856573705,0.25,0.5,100,231
23,0.5026999732866659,500,20,1.0,200,-5.0,-1385346112141206624,-5.0,5.0,proximity,0.19760956175298794,0.25,0.5,100,232
23,0.6504817930809619,500,20,1.0,200,-5.0,5596196357447164193,-5.0,5.0,proximity,0.18956175298804792,0.25,0.5,100,233
23,0.8164616314179693,500,20,1.0,200,-5.0,-4790550027845080876,-5.0,5.0,proximity,0.19661354581673304,0.25,0.5,100,235
23,0.7999201574252012,500,20,1.0,200,-5.0,-1323688436878855251,-5.0,5.0,proximity,0.1931872509960158,0.25,0.5,100,234
23,0.8310117947101997,500,20,1.0,200,-5.0,109148846299245405,-5.0,5.0,proximity,0.1860956175298804,0.25,0.5,100,237
23,0.7762390225306353,500,20,1.0,200,-5.0,4466871095002164732,-5.0,5.0,proximity,0.20721115537848603,0.25,0.5,100,236
23,0.37744181702289537,500,20,1.0,200,-5.0,-8915774761945189834,-5.0,5.0,proximity,0.18892430278884467,0.25,0.5,100,238
23,0.4932437023971744,500,20,1.0,200,-5.0,-3864077267404731345,-5.0,5.0,proximity,0.20151394422310764,0.25,0.5,100,239
23,0.8121708943985024,500,20,1.0,200,-5.0,775520679921771169,-5.0,5.0,proximity,0.20302788844621525,0.25,0.5,100,240
23,0.44843870632326555,500,20,1.0,200,-5.0,4197805914676174906,-5.0,5.0,proximity,0.20780876494023903,0.25,0.5,100,241
24,0.9957128390483956,500,20,1.0,200,-5.0,-248899392673551343,0.0,1.0,proximity,0.22314741035856558,0.25,0.5,100,242
24,0.9948696092507103,500,20,1.0,200,-5.0,-6282473004360412402,0.0,1.0,proximity,0.1987649402390438,0.25,0.5,100,243
24,0.9956165476038994,500,20,1.0,200,-5.0,4349833831612825920,0.0,1.0,proximity,0.21513944223107556,0.25,0.5,100,244
24,0.9953414633250733,500,20,1.0,200,-5.0,7882456009691419675,0.0,1.0,proximity,0.20262948207171302,0.25,0.5,100,245
24,0.9974007951372008,500,20,1.0,200,-5.0,-5427135712510230775,0.0,1.0,proximity,0.20330677290836652,0.25,0.5,100,247
24,0.9938811359476861,500,20,1.0,200,-5.0,3197176267568362995,0.0,1.0,proximity,0.21916334661354586,0.25,0.5,100,248
24,0.9963850917252637,500,20,1.0,200,-5.0,-7936049810661452335,0.0,1.0,proximity,0.21653386454183263,0.25,0.5,100,246
24,0.994694615007151,500,20,1.0,200,-5.0,-2318325028505386706,0.0,1.0,proximity,0.19207171314741023,0.25,0.5,100,251
24,0.9927388189079634,500,20,1.0,200,-5.0,-2116283783623631011,0.0,1.0,proximity,0.20159362549800786,0.25,0.5,100,249
24,0.5455197656898648,500,20,1.0,200,-5.0,-5895085931761186212,0.0,1.0,proximity,0.19,0.25,0.5,100,250
25,0.995738297061284,500,20,1.0,200,-5.0,3718743703056803905,0.0,5.0,proximity,0.1902390438247011,0.25,0.5,100,252
25,0.9938165127690312,500,20,1.0,200,-5.0,-7322146999573471964,0.0,5.0,proximity,0.20864541832669325,0.25,0.5,100,253
25,0.9964782366756357,500,20,1.0,200,-5.0,811324502431385735,0.0,5.0,proximity,0.193585657370518,0.25,0.5,100,254
25,0.9933547887067635,500,20,1.0,200,-5.0,3678280300684791838,0.0,5.0,proximity,0.19733067729083673,0.25,0.5,100,256
25,0.9896636938466187,500,20,1.0,200,-5.0,-1554183804844422011,0.0,5.0,proximity,0.21713147410358555,0.25,0.5,100,255
25,0.9911204906535314,500,20,1.0,200,-5.0,-879005182191796461,0.0,5.0,proximity,0.20039840637450196,0.25,0.5,100,257
25,0.9973043980803676,500,20,1.0,200,-5.0,-4923587770602542629,0.0,5.0,proximity,0.20454183266932272,0.25,0.5,100,258
25,0.9917255202092836,500,20,1.0,200,-5.0,3675111289655862784,0.0,5.0,proximity,0.19111553784860566,0.25,0.5,100,259
25,0.9952394447746873,500,20,1.0,200,-5.0,4250510542781010520,0.0,5.0,proximity,0.20358565737051795,0.25,0.5,100,261
25,0.9935743464551798,500,20,1.0,200,-5.0,-8880831331234202388,0.0,5.0,proximity,0.188804780876494,0.25,0.5,100,260
26,0.33393919547059814,500,20,1.0,200,-5.0,7476646699453390063,5.0,1.0,proximity,0.19669322709163345,0.25,0.5,100,262
26,0.6788123386060574,500,20,1.0,200,-5.0,6988268008410567531,5.0,1.0,proximity,0.18792828685258967,0.25,0.5,100,265
26,0.41304364897068424,500,20,1.0,200,-5.0,8850196064574058548,5.0,1.0,proximity,0.20505976095617526,0.25,0.5,100,263
26,0.5619789811876142,500,20,1.0,200,-5.0,4193372512843859526,5.0,1.0,proximity,0.20800796812749006,0.25,0.5,100,264
26,0.516713483201834,500,20,1.0,200,-5.0,8456136112330949785,5.0,1.0,proximity,0.19075697211155362,0.25,0.5,100,266
26,0.5004385342774254,500,20,1.0,200,-5.0,6781953101640177306,5.0,1.0,proximity,0.19549800796812752,0.25,0.5,100,267
26,0.5653466598441511,500,20,1.0,200,-5.0,-248689968985038573,5.0,1.0,proximity,0.20099601593625488,0.25,0.5,100,268
26,0.39288665494982183,500,20,1.0,200,-5.0,-3464906117944989995,5.0,1.0,proximity,0.20394422310756954,0.25,0.5,100,269
26,0.500779258466193,500,20,1.0,200,-5.0,-7866156381215147075,5.0,1.0,proximity,0.19458167330677292,0.25,0.5,100,271
26,0.5477998799909675,500,20,1.0,200,-5.0,-1426642328165531120,5.0,1.0,proximity,0.21067729083665343,0.25,0.5,100,270
27,0.45791529706674283,500,20,1.0,200,-5.0,-8597905178287995323,5.0,5.0,proximity,0.20370517928286858,0.25,0.5,100,272
27,0.8532734771875944,500,20,1.0,200,-5.0,-2229603496365525013,5.0,5.0,proximity,0.21418326693227097,0.25,0.5,100,273
27,0.6042330695279375,500,20,1.0,200,-5.0,7262695136922861816,5.0,5.0,proximity,0.21812749003984075,0.25,0.5,100,275
27,0.5499164144933182,500,20,1.0,200,-5.0,2005016545283983062,5.0,5.0,proximity,0.20195219123505972,0.25,0.5,100,274
27,0.4774985567613595,500,20,1.0,200,-5.0,-5544307144871886496,5.0,5.0,proximity,0.19537848605577693,0.25,0.5,100,276
27,0.5694043388672495,500,20,1.0,200,-5.0,4394717402430706237,5.0,5.0,proximity,0.20143426294820718,0.25,0.5,100,277
27,0.40525028312867983,500,20,1.0,200,-5.0,-1611787764955526616,5.0,5.0,proximity,0.19557768924302787,0.25,0.5,100,278
27,0.46364451839276055,500,20,1.0,200,-5.0,5981151206378632290,5.0,5.0,proximity,0.2006374501992031,0.25,0.5,100,279
28,0.5063245367737379,500,20,1.0,200,-5.0,5344350254299279408,10.0,1.0,proximity,0.1956972111553784,0.25,0.5,100,282
27,0.47427835043306155,500,20,1.0,200,-5.0,2542003215184638866,5.0,5.0,proximity,0.18669322709163344,0.25,0.5,100,280
27,0.4999329502212188,500,20,1.0,200,-5.0,118601888044421955,5.0,5.0,proximity,0.19207171314741053,0.25,0.5,100,281
28,0.6175243406752312,500,20,1.0,200,-5.0,-6500533879177614892,10.0,1.0,proximity,0.18872509960159364,0.25,0.5,100,284
28,0.5589225749716781,500,20,1.0,200,-5.0,-5550095642777216762,10.0,1.0,proximity,0.20792828685258974,0.25,0.5,100,283
28,0.4518312548401228,500,20,1.0,200,-5.0,-3095880618530598856,10.0,1.0,proximity,0.20673306772908367,0.25,0.5,100,285
28,0.5168410958132681,500,20,1.0,200,-5.0,-5630610075967003832,10.0,1.0,proximity,0.19653386454183275,0.25,0.5,100,286
28,0.5869172164232652,500,20,1.0,200,-5.0,2657118762652836941,10.0,1.0,proximity,0.20079681274900388,0.25,0.5,100,287
28,0.37268387249649115,500,20,1.0,200,-5.0,-9160513609811449575,10.0,1.0,proximity,0.20115537848605577,0.25,0.5,100,288
28,0.3991398428500139,500,20,1.0,200,-5.0,6589832447049741902,10.0,1.0,proximity,0.19095617529880468,0.25,0.5,100,290
28,0.4093518248376372,500,20,1.0,200,-5.0,7029065145778436309,10.0,1.0,proximity,0.1860557768924303,0.25,0.5,100,289
28,0.5512557042173387,500,20,1.0,200,-5.0,57203300617776785,10.0,1.0,proximity,0.216215139442231,0.25,0.5,100,291
29,0.5071469266505774,500,20,1.0,200,-5.0,-1782977125714687982,10.0,5.0,proximity,0.1992828685258964,0.25,0.5,100,292
29,0.550337621834861,500,20,1.0,200,-5.0,6882193897327649775,10.0,5.0,proximity,0.19697211155378483,0.25,0.5,100,294
29,0.5046385894443307,500,20,1.0,200,-5.0,5972523157435967033,10.0,5.0,proximity,0.194382470119522,0.25,0.5,100,293
29,0.6155213744002047,500,20,1.0,200,-5.0,4405454718065022542,10.0,5.0,proximity,0.203625498007968,0.25,0.5,100,296
29,0.28619682361909604,500,20,1.0,200,-5.0,-6121229550621947423,10.0,5.0,proximity,0.18494023904382464,0.25,0.5,100,295
29,0.5567265547383802,500,20,1.0,200,-5.0,-6342545274124827359,10.0,5.0,proximity,0.21314741035856583,0.25,0.5,100,297
29,0.41272095497931144,500,20,1.0,200,-5.0,4943915427599683978,10.0,5.0,proximity,0.2051394422310756,0.25,0.5,100,298
29,0.5054463153362876,500,20,1.0,200,-5.0,6834957868416289415,10.0,5.0,proximity,0.1979282868525896,0.25,0.5,100,299
29,0.40893658555012413,500,20,1.0,200,-5.0,2434489280632865093,10.0,5.0,proximity,0.19314741035856586,0.25,0.5,100,300
29,0.4784708922928123,500,20,1.0,200,-5.0,5875957580269765647,10.0,5.0,proximity,0.2147808764940238,0.25,0.5,100,301
30,0.36982093981102204,500,20,5.0,200,-5.0,7278701281838646710,-10.0,1.0,proximity,0.2080876494023906,0.25,0.5,100,302
30,0.6205621019699172,500,20,5.0,200,-5.0,-8468040251901619617,-10.0,1.0,proximity,0.1937848605577689,0.25,0.5,100,303
30,0.5995076275024236,500,20,5.0,200,-5.0,5934146323691480399,-10.0,1.0,proximity,0.17605577689243035,0.25,0.5,100,304
30,0.9896596298293706,500,20,5.0,200,-5.0,-6307019698706794081,-10.0,1.0,proximity,0.20103585657370515,0.25,0.5,100,306
30,0.6696709162336402,500,20,5.0,200,-5.0,5530808557062913432,-10.0,1.0,proximity,0.2137848605577689,0.25,0.5,100,305
30,0.5842014593309907,500,20,5.0,200,-5.0,5456188047456252836,-10.0,1.0,proximity,0.20713147410358565,0.25,0.5,100,308
30,0.9326255871905754,500,20,5.0,200,-5.0,-4201292967662273329,-10.0,1.0,proximity,0.20334661354581682,0.25,0.5,100,307
30,0.9393948459008128,500,20,5.0,200,-5.0,-6119029632430158819,-10.0,1.0,proximity,0.2287250996015936,0.25,0.5,100,310
30,0.6370613561123197,500,20,5.0,200,-5.0,5846324277228182426,-10.0,1.0,proximity,0.19071713147410366,0.25,0.5,100,309
30,0.973351607537799,500,20,5.0,200,-5.0,-8644054068565982573,-10.0,1.0,proximity,0.21235059760956193,0.25,0.5,100,311
31,0.4680896696609256,500,20,5.0,200,-5.0,-8568431345549707422,-10.0,5.0,proximity,0.19756972111553775,0.25,0.5,100,313
31,0.4585335890690624,500,20,5.0,200,-5.0,1851281781373957619,-10.0,5.0,proximity,0.21262948207171312,0.25,0.5,100,312
31,0.5203982200298627,500,20,5.0,200,-5.0,5765248931401878003,-10.0,5.0,proximity,0.2068525896414345,0.25,0.5,100,314
31,0.5080209322097066,500,20,5.0,200,-5.0,6133211458355512863,-10.0,5.0,proximity,0.18856573705179291,0.25,0.5,100,315
31,0.61348211250183,500,20,5.0,200,-5.0,-7820689389846066294,-10.0,5.0,proximity,0.1996812749003984,0.25,0.5,100,316
31,0.5094916233766082,500,20,5.0,200,-5.0,5266525877427299816,-10.0,5.0,proximity,0.2046613545816734,0.25,0.5,100,318
31,0.46585182419356047,500,20,5.0,200,-5.0,-2559442123349581470,-10.0,5.0,proximity,0.20749003984063727,0.25,0.5,100,319
31,0.6881553543089652,500,20,5.0,200,-5.0,4943358514050444666,-10.0,5.0,proximity,0.20561752988047813,0.25,0.5,100,317
31,0.5414214889633127,500,20,5.0,200,-5.0,-3339742594299380103,-10.0,5.0,proximity,0.1845418326693229,0.25,0.5,100,320
31,0.692686082350874,500,20,5.0,200,-5.0,-5099328359429678957,-10.0,5.0,proximity,0.19525896414342636,0.25,0.5,100,321
32,0.9739116408600944,500,20,5.0,200,-5.0,-5329590955117282985,-5.0,1.0,proximity,0.19812749003984056,0.25,0.5,100,322
32,0.9659783886989709,500,20,5.0,200,-5.0,8908594758881832313,-5.0,1.0,proximity,0.20952191235059753,0.25,0.5,100,323
32,0.9578033411160284,500,20,5.0,200,-5.0,6979231708847650575,-5.0,1.0,proximity,0.1938645418326693,0.25,0.5,100,324
32,0.9693881174617103,500,20,5.0,200,-5.0,-602827710598957888,-5.0,1.0,proximity,0.20318725099601603,0.25,0.5,100,326
32,0.957785166735358,500,20,5.0,200,-5.0,5959974408005615756,-5.0,1.0,proximity,0.20458167330677288,0.25,0.5,100,325
32,0.9670283173011335,500,20,5.0,200,-5.0,3678354615501088135,-5.0,1.0,proximity,0.19852589641434265,0.25,0.5,100,328
32,0.9575900188559424,500,20,5.0,200,-5.0,-8463906602609404138,-5.0,1.0,proximity,0.20729083665338655,0.25,0.5,100,327
32,0.9548642888919081,500,20,5.0,200,-5.0,8539628930068665863,-5.0,1.0,proximity,0.200597609561753,0.25,0.5,100,330
32,0.9469642897906112,500,20,5.0,200,-5.0,-2693605638133904777,-5.0,1.0,proximity,0.18565737051792816,0.25,0.5,100,329
32,0.962102511667279,500,20,5.0,200,-5.0,6268434657832691494,-5.0,1.0,proximity,0.19697211155378486,0.25,0.5,100,331
33,0.9706451666497362,500,20,5.0,200,-5.0,-4603939073219238481,-5.0,5.0,proximity,0.190796812749004,0.25,0.5,100,332
33,0.9529042791229578,500,20,5.0,200,-5.0,7793283624722044121,-5.0,5.0,proximity,0.18426294820717132,0.25,0.5,100,333
33,0.9691432634750933,500,20,5.0,200,-5.0,-3850880158161245010,-5.0,5.0,proximity,0.20422310756972104,0.25,0.5,100,334
33,0.9479651753529875,500,20,5.0,200,-5.0,-229659867344263573,-5.0,5.0,proximity,0.2164541832669322,0.25,0.5,100,335
33,0.9687804845529131,500,20,5.0,200,-5.0,2169484287723795760,-5.0,5.0,proximity,0.19474103585657368,0.25,0.5,100,336
33,0.4365070018459646,500,20,5.0,200,-5.0,-6281438526791901917,-5.0,5.0,proximity,0.18729083665338642,0.25,0.5,100,337
33,0.9703326050532849,500,20,5.0,200,-5.0,4042498409086283504,-5.0,5.0,proximity,0.19976095617529888,0.25,0.5,100,338
33,0.977499940146546,500,20,5.0,200,-5.0,-737942690544681440,-5.0,5.0,proximity,0.19342629482071708,0.25,0.5,100,340
33,0.9632147044913247,500,20,5.0,200,-5.0,4684675174253986390,-5.0,5.0,proximity,0.17900398406374493,0.25,0.5,100,339
33,0.9671144229553118,500,20,5.0,200,-5.0,257809242821571337,-5.0,5.0,proximity,0.1988047808764938,0.25,0.5,100,341
34,1.0,500,20,5.0,200,-5.0,2527104803955503485,0.0,1.0,proximity,0.20366533864541825,0.25,0.5,100,342
34,1.0,500,20,5.0,200,-5.0,-3387700111208673369,0.0,1.0,proximity,0.1900398406374502,0.25,0.5,100,343
34,1.0,500,20,5.0,200,-5.0,2055318988095808536,0.0,1.0,proximity,0.19693227091633464,0.25,0.5,100,344
34,1.0,500,20,5.0,200,-5.0,296921255731027452,0.0,1.0,proximity,0.21003984063745032,0.25,0.5,100,345
34,1.0,500,20,5.0,200,-5.0,8905726179659445791,0.0,1.0,proximity,0.20103585657370496,0.25,0.5,100,348
34,1.0,500,20,5.0,200,-5.0,-1012738660712652912,0.0,1.0,proximity,0.20928286852589634,0.25,0.5,100,346
34,1.0,500,20,5.0,200,-5.0,-1897304363120052831,0.0,1.0,proximity,0.20310756972111557,0.25,0.5,100,347
34,1.0,500,20,5.0,200,-5.0,6479735549215750316,0.0,1.0,proximity,0.21561752988047797,0.25,0.5,100,349
34,0.9998339759917605,500,20,5.0,200,-5.0,-7532460903594003434,0.0,1.0,proximity,0.20521912350597618,0.25,0.5,100,350
34,1.0,500,20,5.0,200,-5.0,-3030755729862402939,0.0,1.0,proximity,0.19733067729083645,0.25,0.5,100,351
35,1.0,500,20,5.0,200,-5.0,3196358351610186835,0.0,5.0,proximity,0.19916334661354565,0.25,0.5,100,352
35,1.0,500,20,5.0,200,-5.0,-3782738717930379439,0.0,5.0,proximity,0.20776892430278876,0.25,0.5,100,353
35,1.0,500,20,5.0,200,-5.0,8805608448030108175,0.0,5.0,proximity,0.20517928286852588,0.25,0.5,100,354
35,1.0,500,20,5.0,200,-5.0,-4148007155243633879,0.0,5.0,proximity,0.20529880478087648,0.25,0.5,100,355
35,1.0,500,20,5.0,200,-5.0,6258249070349300861,0.0,5.0,proximity,0.20302788844621517,0.25,0.5,100,356
35,1.0,500,20,5.0,200,-5.0,-3357402962392526426,0.0,5.0,proximity,0.2047808764940239,0.25,0.5,100,358
35,1.0,500,20,5.0,200,-5.0,-3469994283717166814,0.0,5.0,proximity,0.2041434262948207,0.25,0.5,100,357
35,1.0,500,20,5.0,200,-5.0,6586797843707020784,0.0,5.0,proximity,0.20195219123505975,0.25,0.5,100,359
35,1.0,500,20,5.0,200,-5.0,1327350426776771145,0.0,5.0,proximity,0.1770517928286852,0.25,0.5,100,360
35,0.3479439383012095,500,20,5.0,200,-5.0,-8514597771651383733,0.0,5.0,proximity,0.2011952191235059,0.25,0.5,100,361
36,0.45631687143056504,500,20,5.0,200,-5.0,4442291210458613709,5.0,1.0,proximity,0.18884462151394407,0.25,0.5,100,362
36,0.5529966745158211,500,20,5.0,200,-5.0,8847893414108380121,5.0,1.0,proximity,0.20828685258964139,0.25,0.5,100,363
36,0.37093703882427215,500,20,5.0,200,-5.0,4353575728125093259,5.0,1.0,proximity,0.19326693227091638,0.25,0.5,100,364
36,0.645695288228308,500,20,5.0,200,-5.0,4122380986898943587,5.0,1.0,proximity,0.2043027888446215,0.25,0.5,100,365
36,0.5621238133767639,500,20,5.0,200,-5.0,-2811435647632389760,5.0,1.0,proximity,0.21446215139442237,0.25,0.5,100,367
36,0.4898038151260562,500,20,5.0,200,-5.0,7015155401616010939,5.0,1.0,proximity,0.20370517928286846,0.25,0.5,100,366
36,0.49959549132638986,500,20,5.0,200,-5.0,9117492893800782365,5.0,1.0,proximity,0.2019920318725099,0.25,0.5,100,368
36,0.4220548547071239,500,20,5.0,200,-5.0,8593916518543046432,5.0,1.0,proximity,0.200199203187251,0.25,0.5,100,369
36,0.2716130264166588,500,20,5.0,200,-5.0,2382736126090843468,5.0,1.0,proximity,0.19059760956175312,0.25,0.5,100,370
36,0.5011009755885089,500,20,5.0,200,-5.0,6212547508754762256,5.0,1.0,proximity,0.1920318725099601,0.25,0.5,100,371
37,0.6484772965378505,500,20,5.0,200,-5.0,-5611544744144553030,5.0,5.0,proximity,0.20896414342629477,0.25,0.5,100,372
37,0.3857229370362171,500,20,5.0,200,-5.0,1544767587623892506,5.0,5.0,proximity,0.18382470119521907,0.25,0.5,100,373
37,0.5977721573989662,500,20,5.0,200,-5.0,2557518054410342555,5.0,5.0,proximity,0.19219123505976107,0.25,0.5,100,374
37,0.5092175064220236,500,20,5.0,200,-5.0,8546400921342054464,5.0,5.0,proximity,0.18972111553784857,0.25,0.5,100,375
37,0.4407682268947661,500,20,5.0,200,-5.0,-4646405419006570352,5.0,5.0,proximity,0.1932270916334661,0.25,0.5,100,377
37,0.6163925969545101,500,20,5.0,200,-5.0,8544605841814925703,5.0,5.0,proximity,0.20689243027888463,0.25,0.5,100,376
37,0.44710640201540025,500,20,5.0,200,-5.0,-8393986844370970027,5.0,5.0,proximity,0.19896414342629487,0.25,0.5,100,378
37,0.5666411668334529,500,20,5.0,200,-5.0,-7582138048068570671,5.0,5.0,proximity,0.21549800796812751,0.25,0.5,100,380
37,0.5120610463462817,500,20,5.0,200,-5.0,-2873683776222752733,5.0,5.0,proximity,0.18254980079681274,0.25,0.5,100,379
37,0.360837028422467,500,20,5.0,200,-5.0,2003498443885025604,5.0,5.0,proximity,0.1857370517928287,0.25,0.5,100,381
38,0.3737813109937227,500,20,5.0,200,-5.0,-1469850794808792098,10.0,1.0,proximity,0.21254980079681268,0.25,0.5,100,382
38,0.5572638714838974,500,20,5.0,200,-5.0,3973442552405722051,10.0,1.0,proximity,0.20235059760956178,0.25,0.5,100,383
38,0.3301003695046436,500,20,5.0,200,-5.0,6188634184500349544,10.0,1.0,proximity,0.21302788844621523,0.25,0.5,100,385
38,0.36014738147507636,500,20,5.0,200,-5.0,-5563269820135958691,10.0,1.0,proximity,0.2113147410358564,0.25,0.5,100,384
38,0.516459301607449,500,20,5.0,200,-5.0,6691473181803768826,10.0,1.0,proximity,0.21378486055776896,0.25,0.5,100,387
38,0.45069628929015815,500,20,5.0,200,-5.0,5805397120105985083,10.0,1.0,proximity,0.20880478087649385,0.25,0.5,100,386
38,0.3622040541498028,500,20,5.0,200,-5.0,1578214983817119775,10.0,1.0,proximity,0.1978087649402391,0.25,0.5,100,388
38,0.6476903308586325,500,20,5.0,200,-5.0,7988344094819588198,10.0,1.0,proximity,0.20617529880478072,0.25,0.5,100,390
38,0.44998156259032973,500,20,5.0,200,-5.0,128323950021459948,10.0,1.0,proximity,0.1961354581673305,0.25,0.5,100,389
38,0.5614940510816389,500,20,5.0,200,-5.0,8921821001283437321,10.0,1.0,proximity,0.20466135458167325,0.25,0.5,100,391
39,0.5592152503804177,500,20,5.0,200,-5.0,-8834753395398560506,10.0,5.0,proximity,0.20613545816733067,0.25,0.5,100,392
39,0.46412077159019616,500,20,5.0,200,-5.0,3514065419615150409,10.0,5.0,proximity,0.2003187250996014,0.25,0.5,100,393
39,0.6632880560168887,500,20,5.0,200,-5.0,-1712275172839038885,10.0,5.0,proximity,0.21111553784860573,0.25,0.5,100,394
39,0.707058956986469,500,20,5.0,200,-5.0,-1974682984077818505,10.0,5.0,proximity,0.20282868525896414,0.25,0.5,100,395
39,0.5286716597860587,500,20,5.0,200,-5.0,-1388794122784863431,10.0,5.0,proximity,0.19466135458167338,0.25,0.5,100,397
39,0.5845528490937414,500,20,5.0,200,-5.0,2879037020433943851,10.0,5.0,proximity,0.21318725099601601,0.25,0.5,100,396
39,0.5052627033978188,500,20,5.0,200,-5.0,1552637726148764618,10.0,5.0,proximity,0.20119521912350596,0.25,0.5,100,398
39,0.4577392468191982,500,20,5.0,200,-5.0,-5881715099095126729,10.0,5.0,proximity,0.20410358565737044,0.25,0.5,100,399
39,0.37194166418050345,500,20,5.0,200,-5.0,-347561327001644885,10.0,5.0,proximity,0.19039840637450203,0.25,0.5,100,400
39,0.5595067599784288,500,20,5.0,200,-5.0,5229404197974472534,10.0,5.0,proximity,0.2063346613545817,0.25,0.5,100,401
40,0.592325739208861,500,20,1.0,200,0.0,7320140158917760452,-10.0,1.0,proximity,0.19697211155378477,0.25,0.5,100,402
40,0.953860088582308,500,20,1.0,200,0.0,-8311406501799347233,-10.0,1.0,proximity,0.2069721115537848,0.25,0.5,100,403
40,0.5643644340898799,500,20,1.0,200,0.0,1527979667228923495,-10.0,1.0,proximity,0.19254980079681264,0.25,0.5,100,406
40,0.9241033941683552,500,20,1.0,200,0.0,3950479966233139936,-10.0,1.0,proximity,0.20454183266932263,0.25,0.5,100,404
40,0.7252205942407429,500,20,1.0,200,0.0,1900183947807538510,-10.0,1.0,proximity,0.19338645418326686,0.25,0.5,100,405
40,0.9111181433608548,500,20,1.0,200,0.0,-8029357432073561702,-10.0,1.0,proximity,0.19282868525896407,0.25,0.5,100,407
40,0.5810531622534645,500,20,1.0,200,0.0,7957306808787416741,-10.0,1.0,proximity,0.19007968127490044,0.25,0.5,100,409
40,0.9559082453759824,500,20,1.0,200,0.0,7374483217880424905,-10.0,1.0,proximity,0.20023904382470117,0.25,0.5,100,408
40,0.711007452213541,500,20,1.0,200,0.0,-8443975696832306089,-10.0,1.0,proximity,0.20167330677290826,0.25,0.5,100,410
40,0.40730755737143637,500,20,1.0,200,0.0,-1959444657025684528,-10.0,1.0,proximity,0.20011952191235055,0.25,0.5,100,411
41,0.42724756194300134,500,20,1.0,200,0.0,-3431090903592860255,-10.0,5.0,proximity,0.20394422310756968,0.25,0.5,100,412
41,0.4656551283546941,500,20,1.0,200,0.0,-730299772436472854,-10.0,5.0,proximity,0.1941434262948207,0.25,0.5,100,414
41,0.4142856895122034,500,20,1.0,200,0.0,7830768873883718756,-10.0,5.0,proximity,0.19119521912350604,0.25,0.5,100,413
41,0.4144901141417851,500,20,1.0,200,0.0,285987354941424759,-10.0,5.0,proximity,0.2156972111553785,0.25,0.5,100,415
41,0.5426839052666664,500,20,1.0,200,0.0,-3336439795294489214,-10.0,5.0,proximity,0.21537848605577692,0.25,0.5,100,416
41,0.6442443488608414,500,20,1.0,200,0.0,6994730217423785050,-10.0,5.0,proximity,0.19410358565737043,0.25,0.5,100,417
41,0.48354302071676647,500,20,1.0,200,0.0,5329895398964110671,-10.0,5.0,proximity,0.19960159362549798,0.25,0.5,100,419
41,0.476200343105326,500,20,1.0,200,0.0,4684514248932269636,-10.0,5.0,proximity,0.20035856573705166,0.25,0.5,100,418
41,0.49473680107422413,500,20,1.0,200,0.0,-7265875279664303991,-10.0,5.0,proximity,0.20027888446215147,0.25,0.5,100,420
41,0.41357170313641595,500,20,1.0,200,0.0,-4029988269259647582,-10.0,5.0,proximity,0.19804780876494021,0.25,0.5,100,421
42,0.6533628681941753,500,20,1.0,200,0.0,-7054538224747881355,-5.0,1.0,proximity,0.18725099601593626,0.25,0.5,100,422
42,0.5910385739758475,500,20,1.0,200,0.0,171992209633453307,-5.0,1.0,proximity,0.1847011952191234,0.25,0.5,100,424
42,0.5751280784595763,500,20,1.0,200,0.0,-6266287358444662582,-5.0,1.0,proximity,0.20258964143426275,0.25,0.5,100,423
42,0.5716764618562263,500,20,1.0,200,0.0,-5990732854249429358,-5.0,1.0,proximity,0.19466135458167325,0.25,0.5,100,425
42,0.556867377023824,500,20,1.0,200,0.0,826047869987553174,-5.0,1.0,proximity,0.2127490039840637,0.25,0.5,100,426
42,0.611854978638199,500,20,1.0,200,0.0,-7589229601873429478,-5.0,1.0,proximity,0.2226693227091633,0.25,0.5,100,427
42,0.5303676217253628,500,20,1.0,200,0.0,2068300998403326288,-5.0,1.0,proximity,0.20964143426294835,0.25,0.5,100,428
42,0.600341337001563,500,20,1.0,200,0.0,-4558737191365344288,-5.0,1.0,proximity,0.19836653386454184,0.25,0.5,100,430
42,0.5572142927649669,500,20,1.0,200,0.0,3413450898514311757,-5.0,1.0,proximity,0.18633466135458168,0.25,0.5,100,429
42,0.6038533131424731,500,20,1.0,200,0.0,9146520057522945575,-5.0,1.0,proximity,0.20462151394422326,0.25,0.5,100,431
43,0.5384235622438059,500,20,1.0,200,0.0,9040091808528029330,-5.0,5.0,proximity,0.1801593625498009,0.25,0.5,100,432
43,0.5578967552682539,500,20,1.0,200,0.0,-8984842285965406483,-5.0,5.0,proximity,0.1907968127490039,0.25,0.5,100,433
43,0.5788000263691142,500,20,1.0,200,0.0,6551753954633172434,-5.0,5.0,proximity,0.18023904382470107,0.25,0.5,100,434
43,0.5587422467332233,500,20,1.0,200,0.0,66901736566879771,-5.0,5.0,proximity,0.21840637450199213,0.25,0.5,100,437
43,0.633017993173871,500,20,1.0,200,0.0,-2191271690001006039,-5.0,5.0,proximity,0.18266932270916345,0.25,0.5,100,435
43,0.46080749743481597,500,20,1.0,200,0.0,-5738825479136602219,-5.0,5.0,proximity,0.19525896414342617,0.25,0.5,100,436
43,0.6317744486061714,500,20,1.0,200,0.0,9178102859555258845,-5.0,5.0,proximity,0.22211155378486047,0.25,0.5,100,438
43,0.5217427348736241,500,20,1.0,200,0.0,-9207726133831004685,-5.0,5.0,proximity,0.2020717131474104,0.25,0.5,100,439
43,0.5810058486840318,500,20,1.0,200,0.0,6467404573613689034,-5.0,5.0,proximity,0.21211155378486055,0.25,0.5,100,440
43,0.6107471234640364,500,20,1.0,200,0.0,-7869556039767296161,-5.0,5.0,proximity,0.19629482071713136,0.25,0.5,100,441
44,0.5526754467759443,500,20,1.0,200,0.0,-5345397605705828028,0.0,1.0,proximity,0.19382470119521925,0.25,0.5,100,442
44,0.6297934620355542,500,20,1.0,200,0.0,5207942920918887223,0.0,1.0,proximity,0.1903585657370518,0.25,0.5,100,443
44,0.704011842890242,500,20,1.0,200,0.0,-5524148356990688956,0.0,1.0,proximity,0.20988047808764937,0.25,0.5,100,444
44,0.4583483907924961,500,20,1.0,200,0.0,5216974340147029771,0.0,1.0,proximity,0.20446215139442234,0.25,0.5,100,445
44,0.5822609905794612,500,20,1.0,200,0.0,-7248415763673596430,0.0,1.0,proximity,0.21565737051792824,0.25,0.5,100,447
44,0.7001647558785948,500,20,1.0,200,0.0,-2175439409218967417,0.0,1.0,proximity,0.2132669322709162,0.25,0.5,100,446
44,0.6267798331800611,500,20,1.0,200,0.0,-2443424819659708748,0.0,1.0,proximity,0.20749003984063752,0.25,0.5,100,448
44,0.4595778596216555,500,20,1.0,200,0.0,6496081605615975390,0.0,1.0,proximity,0.21047808764940246,0.25,0.5,100,449
44,0.6177943211493071,500,20,1.0,200,0.0,8798281248243176787,0.0,1.0,proximity,0.18123505976095622,0.25,0.5,100,450
44,0.46845437734858086,500,20,1.0,200,0.0,6898225090968773963,0.0,1.0,proximity,0.17864541832669326,0.25,0.5,100,451
45,0.6808162784782578,500,20,1.0,200,0.0,7589241073231188201,0.0,5.0,proximity,0.20223107569721105,0.25,0.5,100,452
45,0.6526436729467423,500,20,1.0,200,0.0,8738222603347714782,0.0,5.0,proximity,0.19171314741035841,0.25,0.5,100,453
45,0.6934972390118118,500,20,1.0,200,0.0,5822268088439598132,0.0,5.0,proximity,0.186613545816733,0.25,0.5,100,456
45,0.6724165012082777,500,20,1.0,200,0.0,1216424066684017794,0.0,5.0,proximity,0.1960956175298804,0.25,0.5,100,454
45,0.6589366579216639,500,20,1.0,200,0.0,3915322010408600922,0.0,5.0,proximity,0.20932270916334664,0.25,0.5,100,455
45,0.6098503227001261,500,20,1.0,200,0.0,3909077109470622066,0.0,5.0,proximity,0.2043426294820715,0.25,0.5,100,457
45,0.6385473024346865,500,20,1.0,200,0.0,4704604647889939965,0.0,5.0,proximity,0.21163346613545822,0.25,0.5,100,459
45,0.6544267432113919,500,20,1.0,200,0.0,3531846393371889659,0.0,5.0,proximity,0.20749003984063732,0.25,0.5,100,458
45,0.6761134129146554,500,20,1.0,200,0.0,7810457599028914989,0.0,5.0,proximity,0.19346613545816743,0.25,0.5,100,460
45,0.6881744228983832,500,20,1.0,200,0.0,4789025567836054533,0.0,5.0,proximity,0.20617529880478092,0.25,0.5,100,461
46,0.6686022375803409,500,20,1.0,200,0.0,-5972707524909319377,5.0,1.0,proximity,0.2105976095617531,0.25,0.5,100,462
46,0.3523967479310339,500,20,1.0,200,0.0,-2513719251232286664,5.0,1.0,proximity,0.19541832669322715,0.25,0.5,100,463
46,0.6477701676799622,500,20,1.0,200,0.0,8719648211676397344,5.0,1.0,proximity,0.19370517928286846,0.25,0.5,100,464
46,0.5171513851693822,500,20,1.0,200,0.0,-7877288370589462593,5.0,1.0,proximity,0.19035856573705173,0.25,0.5,100,465
46,0.6080136544186404,500,20,1.0,200,0.0,-4902744520505567904,5.0,1.0,proximity,0.19545816733067742,0.25,0.5,100,467
46,0.561291073101184,500,20,1.0,200,0.0,-520175140738076301,5.0,1.0,proximity,0.2011155378486055,0.25,0.5,100,466
46,0.5608207411542634,500,20,1.0,200,0.0,-4718186498892092731,5.0,1.0,proximity,0.18709163346613547,0.25,0.5,100,468
46,0.6917885150368991,500,20,1.0,200,0.0,-9202729601872721476,5.0,1.0,proximity,0.20872509960159374,0.25,0.5,100,469
46,0.4699012332606719,500,20,1.0,200,0.0,8097590343115819607,5.0,1.0,proximity,0.19031872509960138,0.25,0.5,100,470
46,0.5114655843327545,500,20,1.0,200,0.0,-3711441424640760386,5.0,1.0,proximity,0.20007968127490033,0.25,0.5,100,471
47,0.6172681412635098,500,20,1.0,200,0.0,283098170593316448,5.0,5.0,proximity,0.2090438247011953,0.25,0.5,100,472
47,0.51256290271758,500,20,1.0,200,0.0,1005341396563341793,5.0,5.0,proximity,0.20326693227091638,0.25,0.5,100,473
47,0.6055621728882351,500,20,1.0,200,0.0,-2964965584149788299,5.0,5.0,proximity,0.20219123505976097,0.25,0.5,100,474
47,0.747744697261926,500,20,1.0,200,0.0,-8531134218696335293,5.0,5.0,proximity,0.1943027888446215,0.25,0.5,100,475
47,0.5484104558047477,500,20,1.0,200,0.0,-6620673517913465358,5.0,5.0,proximity,0.2027490039840639,0.25,0.5,100,476
47,0.5962884907519818,500,20,1.0,200,0.0,1426202162390831289,5.0,5.0,proximity,0.20003984063745017,0.25,0.5,100,477
47,0.5616445075623779,500,20,1.0,200,0.0,-3245802759270151063,5.0,5.0,proximity,0.19147410358565736,0.25,0.5,100,478
47,0.5757263270903673,500,20,1.0,200,0.0,-2338719982112814573,5.0,5.0,proximity,0.20888446215139433,0.25,0.5,100,479
47,0.7424211479076481,500,20,1.0,200,0.0,-5513015134512153534,5.0,5.0,proximity,0.22282868525896418,0.25,0.5,100,480
47,0.5167293591621395,500,20,1.0,200,0.0,4089155230374043764,5.0,5.0,proximity,0.20585657370517926,0.25,0.5,100,481
48,0.46546092752629903,500,20,1.0,200,0.0,3876041560952156462,10.0,1.0,proximity,0.20007968127490044,0.25,0.5,100,482
48,0.4582287527880459,500,20,1.0,200,0.0,-339438533386101356,10.0,1.0,proximity,0.18936254980079686,0.25,0.5,100,483
48,0.5225556192927008,500,20,1.0,200,0.0,3342221059510776902,10.0,1.0,proximity,0.20733067729083673,0.25,0.5,100,484
48,0.40256612904470623,500,20,1.0,200,0.0,-5569880092636818535,10.0,1.0,proximity,0.19533864541832668,0.25,0.5,100,486
48,0.7010831259331252,500,20,1.0,200,0.0,-5946302832461517585,10.0,1.0,proximity,0.19509960159362544,0.25,0.5,100,487
48,0.5453989420595857,500,20,1.0,200,0.0,-4474533312081248040,10.0,1.0,proximity,0.2022310756972111,0.25,0.5,100,485
48,0.6540381784781514,500,20,1.0,200,0.0,-5496082854505113322,10.0,1.0,proximity,0.19884462151394414,0.25,0.5,100,489
48,0.5965905021094853,500,20,1.0,200,0.0,-6986540374446883192,10.0,1.0,proximity,0.21131474103585657,0.25,0.5,100,488
48,0.5556869840732294,500,20,1.0,200,0.0,-8942492719741873848,10.0,1.0,proximity,0.2100796812749004,0.25,0.5,100,490
48,0.6995800635717286,500,20,1.0,200,0.0,-769204223129807928,10.0,1.0,proximity,0.20812749003984057,0.25,0.5,100,491
49,0.547914185130567,500,20,1.0,200,0.0,-8662348676990538235,10.0,5.0,proximity,0.20940239043824707,0.25,0.5,100,492
49,0.6513308195722297,500,20,1.0,200,0.0,3265372715138576353,10.0,5.0,proximity,0.19386454183266946,0.25,0.5,100,493
49,0.5489801446470493,500,20,1.0,200,0.0,3655789624245383824,10.0,5.0,proximity,0.20601593625498016,0.25,0.5,100,494
49,0.3508328081055422,500,20,1.0,200,0.0,-6072435977461767449,10.0,5.0,proximity,0.19235059760956175,0.25,0.5,100,496
49,0.7052907308536833,500,20,1.0,200,0.0,-8458230036371980664,10.0,5.0,proximity,0.20151394422310748,0.25,0.5,100,495
49,0.40386237364309735,500,20,1.0,200,0.0,3864303923443623352,10.0,5.0,proximity,0.19820717131474097,0.25,0.5,100,497
49,0.417321973580763,500,20,1.0,200,0.0,-3806452491076347062,10.0,5.0,proximity,0.21338645418326685,0.25,0.5,100,498
49,0.7463701663653716,500,20,1.0,200,0.0,8101484473084274272,10.0,5.0,proximity,0.2070916334661355,0.25,0.5,100,499
49,0.48183814824862153,500,20,1.0,200,0.0,-7081289641352427361,10.0,5.0,proximity,0.20278884462151403,0.25,0.5,100,500
49,0.5604357694831438,500,20,1.0,200,0.0,-1697956184968041467,10.0,5.0,proximity,0.18856573705179303,0.25,0.5,100,501
50,0.5709420977019868,500,20,5.0,200,0.0,-7239552531954031988,-10.0,1.0,proximity,0.19430278884462127,0.25,0.5,100,502
50,0.9034102946783071,500,20,5.0,200,0.0,-3647338837288499646,-10.0,1.0,proximity,0.189203187250996,0.25,0.5,100,504
50,0.4373346590274844,500,20,5.0,200,0.0,-1454731532839458467,-10.0,1.0,proximity,0.20175298804780883,0.25,0.5,100,503
50,0.9389346523769809,500,20,5.0,200,0.0,2728444499823138498,-10.0,1.0,proximity,0.19924302788844622,0.25,0.5,100,505
50,0.9772223589158751,500,20,5.0,200,0.0,-4042471068338506365,-10.0,1.0,proximity,0.18665338645418342,0.25,0.5,100,506
50,0.41669559234221476,500,20,5.0,200,0.0,1347436646944341578,-10.0,1.0,proximity,0.1943027888446214,0.25,0.5,100,507
50,0.9410820390665938,500,20,5.0,200,0.0,2766232997564454744,-10.0,1.0,proximity,0.20159362549800794,0.25,0.5,100,509
50,0.980849206786316,500,20,5.0,200,0.0,-7507514162453240115,-10.0,1.0,proximity,0.20322709163346592,0.25,0.5,100,508
50,0.9871989201838759,500,20,5.0,200,0.0,-5950160743084785860,-10.0,1.0,proximity,0.1959760956175299,0.25,0.5,100,510
50,0.5837778906605656,500,20,5.0,200,0.0,5798272356321025021,-10.0,1.0,proximity,0.19669322709163342,0.25,0.5,100,511
51,0.6029824394164726,500,20,5.0,200,0.0,7532873700702862811,-10.0,5.0,proximity,0.19231075697211159,0.25,0.5,100,512
51,0.39572180661922823,500,20,5.0,200,0.0,3318059125710000490,-10.0,5.0,proximity,0.1962948207171314,0.25,0.5,100,514
51,0.46945289998537937,500,20,5.0,200,0.0,5844471845205744785,-10.0,5.0,proximity,0.18996015936254965,0.25,0.5,100,513
51,0.5903382903346673,500,20,5.0,200,0.0,-8697733816595256486,-10.0,5.0,proximity,0.21063745019920313,0.25,0.5,100,516
51,0.4546288835944604,500,20,5.0,200,0.0,-2910394630436930928,-10.0,5.0,proximity,0.20737051792828687,0.25,0.5,100,515
51,0.5445003309159835,500,20,5.0,200,0.0,-6179436925547800294,-10.0,5.0,proximity,0.20828685258964144,0.25,0.5,100,518
51,0.49835017964430484,500,20,5.0,200,0.0,-1759872275823104834,-10.0,5.0,proximity,0.19322709163346624,0.25,0.5,100,519
51,0.44375919795096935,500,20,5.0,200,0.0,-5082970011811087539,-10.0,5.0,proximity,0.20952191235059753,0.25,0.5,100,517
51,0.48291914152782844,500,20,5.0,200,0.0,-3310264273213732694,-10.0,5.0,proximity,0.19286852589641432,0.25,0.5,100,520
51,0.4675706581999781,500,20,5.0,200,0.0,2020175730596356241,-10.0,5.0,proximity,0.19533864541832674,0.25,0.5,100,521
52,0.613113483790124,500,20,5.0,200,0.0,1912838308846643503,-5.0,1.0,proximity,0.2136653386454184,0.25,0.5,100,522
52,0.6321967668760474,500,20,5.0,200,0.0,-3669364087976814893,-5.0,1.0,proximity,0.19621513944223104,0.25,0.5,100,523
52,0.5722850346960505,500,20,5.0,200,0.0,-4164333595338348048,-5.0,1.0,proximity,0.18454183266932264,0.25,0.5,100,524
52,0.6119324308000883,500,20,5.0,200,0.0,-5223587528628038015,-5.0,1.0,proximity,0.21055776892430275,0.25,0.5,100,525
52,0.5987834797741549,500,20,5.0,200,0.0,318862324241543542,-5.0,1.0,proximity,0.18171314741035866,0.25,0.5,100,530
52,0.6294314970845135,500,20,5.0,200,0.0,-3665228005957833679,-5.0,1.0,proximity,0.18290836653386447,0.25,0.5,100,527
52,0.5348539983587896,500,20,5.0,200,0.0,-8109478921293319990,-5.0,1.0,proximity,0.19023904382470125,0.25,0.5,100,528
53,0.5794360357335672,500,20,5.0,200,0.0,7843056468555535368,-5.0,5.0,proximity,0.20450199203187255,0.25,0.5,100,532
52,0.5845059530190927,500,20,5.0,200,0.0,-2784249050292840524,-5.0,1.0,proximity,0.20270916334661349,0.25,0.5,100,531
53,0.5621331884138513,500,20,5.0,200,0.0,-6220315066647751675,-5.0,5.0,proximity,0.213187250996016,0.25,0.5,100,533
53,0.5896259418372307,500,20,5.0,200,0.0,-2375616382819500831,-5.0,5.0,proximity,0.21175298804780882,0.25,0.5,100,534
52,0.49826651557962254,500,20,5.0,200,0.0,5175398720660581693,-5.0,1.0,proximity,0.1815139442231075,0.25,0.5,100,529
53,0.4441900346326995,500,20,5.0,200,0.0,-2731715587253277773,-5.0,5.0,proximity,0.21095617529880478,0.25,0.5,100,535
53,0.6153043702854804,500,20,5.0,200,0.0,8293581997593448725,-5.0,5.0,proximity,0.2006374501992032,0.25,0.5,100,536
53,0.5809080421426344,500,20,5.0,200,0.0,5286831811155445330,-5.0,5.0,proximity,0.1955378486055778,0.25,0.5,100,538
53,0.5863920847945369,500,20,5.0,200,0.0,2242672464061634889,-5.0,5.0,proximity,0.1962948207171315,0.25,0.5,100,537
52,0.5615104886047443,500,20,5.0,200,0.0,-835013108490969161,-5.0,1.0,proximity,0.1990836653386455,0.25,0.5,100,526
53,0.6056915669220058,500,20,5.0,200,0.0,3648821748100386088,-5.0,5.0,proximity,0.20637450199203194,0.25,0.5,100,539
53,0.5898082031227084,500,20,5.0,200,0.0,-3083111188115510769,-5.0,5.0,proximity,0.19597609561752982,0.25,0.5,100,540
53,0.5860032524436165,500,20,5.0,200,0.0,7656496203880852842,-5.0,5.0,proximity,0.21725099601593625,0.25,0.5,100,541
54,0.714550526653538,500,20,5.0,200,0.0,-2870488393642752918,0.0,1.0,proximity,0.20490039840637453,0.25,0.5,100,542
54,0.6939382935918629,500,20,5.0,200,0.0,8122850560983165386,0.0,1.0,proximity,0.19103585657370514,0.25,0.5,100,543
54,0.6223664985647437,500,20,5.0,200,0.0,2178178957210581777,0.0,1.0,proximity,0.20629482071713148,0.25,0.5,100,544
54,0.6990881443831036,500,20,5.0,200,0.0,-8091992810753023493,0.0,1.0,proximity,0.19796812749003975,0.25,0.5,100,545
54,0.6543935104094055,500,20,5.0,200,0.0,3143263610947125800,0.0,1.0,proximity,0.19553784860557752,0.25,0.5,100,546
54,0.5162775089211868,500,20,5.0,200,0.0,2911333815241315801,0.0,1.0,proximity,0.21362549800796807,0.25,0.5,100,547
54,0.682970637907584,500,20,5.0,200,0.0,6517116238807317440,0.0,1.0,proximity,0.19733067729083664,0.25,0.5,100,548
54,0.3379761914713958,500,20,5.0,200,0.0,8471004997493799141,0.0,1.0,proximity,0.20577689243027908,0.25,0.5,100,549
54,0.6355010276082191,500,20,5.0,200,0.0,976785074239343989,0.0,1.0,proximity,0.18916334661354584,0.25,0.5,100,550
54,0.6817167866644058,500,20,5.0,200,0.0,-1177274786087802379,0.0,1.0,proximity,0.20378486055776887,0.25,0.5,100,551
55,0.6190098255243393,500,20,5.0,200,0.0,-6098435990937432798,0.0,5.0,proximity,0.215776892430279,0.25,0.5,100,552
55,0.6706039966246022,500,20,5.0,200,0.0,-5980418686644741757,0.0,5.0,proximity,0.20095617529880475,0.25,0.5,100,553
55,0.6444948459157275,500,20,5.0,200,0.0,3225728460332079395,0.0,5.0,proximity,0.20788844621513952,0.25,0.5,100,554
55,0.6237871348841287,500,20,5.0,200,0.0,-953216641278007020,0.0,5.0,proximity,0.19378486055776897,0.25,0.5,100,555
55,0.6476243052465155,500,20,5.0,200,0.0,-5850784846961505131,0.0,5.0,proximity,0.19031872509960154,0.25,0.5,100,556
55,0.7219507354231902,500,20,5.0,200,0.0,7626102061919775952,0.0,5.0,proximity,0.21071713147410365,0.25,0.5,100,557
55,0.6422989594311983,500,20,5.0,200,0.0,-2146523466281401668,0.0,5.0,proximity,0.19019920318725098,0.25,0.5,100,558
55,0.7180566094630253,500,20,5.0,200,0.0,-3493642055098206810,0.0,5.0,proximity,0.20832669322709174,0.25,0.5,100,559
55,0.6588352757052426,500,20,5.0,200,0.0,4503508301994337426,0.0,5.0,proximity,0.1989243027888447,0.25,0.5,100,560
55,0.6672121959847108,500,20,5.0,200,0.0,2687263634341877259,0.0,5.0,proximity,0.1971713147410358,0.25,0.5,100,561
56,0.2788286606954793,500,20,5.0,200,0.0,7795747763663718242,5.0,1.0,proximity,0.20888446215139445,0.25,0.5,100,562
56,0.502582961314036,500,20,5.0,200,0.0,4417113340704034123,5.0,1.0,proximity,0.20203187250996021,0.25,0.5,100,563
56,0.6666973174289177,500,20,5.0,200,0.0,-2679251926430220005,5.0,1.0,proximity,0.19776892430278875,0.25,0.5,100,564
56,0.379831556319433,500,20,5.0,200,0.0,4883892264716708439,5.0,1.0,proximity,0.2003984063745021,0.25,0.5,100,565
56,0.571386189881727,500,20,5.0,200,0.0,7947196453202577358,5.0,1.0,proximity,0.19932270916334635,0.25,0.5,100,566
56,0.5052137385445896,500,20,5.0,200,0.0,-4182127257415222445,5.0,1.0,proximity,0.1996812749003985,0.25,0.5,100,567
56,0.5472557766383096,500,20,5.0,200,0.0,-8110166208881876866,5.0,1.0,proximity,0.20298804780876484,0.25,0.5,100,568
56,0.6511616106563879,500,20,5.0,200,0.0,-8885373679614869002,5.0,1.0,proximity,0.19402390438247,0.25,0.5,100,569
56,0.5693961079853407,500,20,5.0,200,0.0,-6910171820215745213,5.0,1.0,proximity,0.19984063745019912,0.25,0.5,100,570
56,0.7270212287989954,500,20,5.0,200,0.0,8332033206633476850,5.0,1.0,proximity,0.2119123505976094,0.25,0.5,100,571
57,0.6409920300166065,500,20,5.0,200,0.0,-2681992967691990723,5.0,5.0,proximity,0.19525896414342625,0.25,0.5,100,572
57,0.4638167540721387,500,20,5.0,200,0.0,-7704322739159491846,5.0,5.0,proximity,0.2075697211155378,0.25,0.5,100,573
57,0.36312608381149497,500,20,5.0,200,0.0,-5109501469234438957,5.0,5.0,proximity,0.1910756972111553,0.25,0.5,100,574
57,0.7194036758465678,500,20,5.0,200,0.0,8152650886534664825,5.0,5.0,proximity,0.20422310756972128,0.25,0.5,100,576
57,0.6572176923444014,500,20,5.0,200,0.0,2641488534526388533,5.0,5.0,proximity,0.20223107569721133,0.25,0.5,100,575
57,0.49914739842478995,500,20,5.0,200,0.0,-7127287622133805639,5.0,5.0,proximity,0.1897609561752989,0.25,0.5,100,577
57,0.5458146898947711,500,20,5.0,200,0.0,8912606507779710367,5.0,5.0,proximity,0.20191235059760962,0.25,0.5,100,578
57,0.4069737654972609,500,20,5.0,200,0.0,3715242440060838104,5.0,5.0,proximity,0.2088047808764941,0.25,0.5,100,579
57,0.5255600258087731,500,20,5.0,200,0.0,205461448430189967,5.0,5.0,proximity,0.1943824701195219,0.25,0.5,100,580
57,0.7471909474879274,500,20,5.0,200,0.0,4838836466763841981,5.0,5.0,proximity,0.19948207171314744,0.25,0.5,100,581
58,0.6010614416241599,500,20,5.0,200,0.0,-7251587878925549031,10.0,1.0,proximity,0.21143426294820714,0.25,0.5,100,582
58,0.6402700939571434,500,20,5.0,200,0.0,-1886190651372394129,10.0,1.0,proximity,0.20286852589641435,0.25,0.5,100,583
58,0.3797997457658586,500,20,5.0,200,0.0,5177001701257667157,10.0,1.0,proximity,0.19816733067729092,0.25,0.5,100,584
58,0.3947551741189259,500,20,5.0,200,0.0,96319763055041950,10.0,1.0,proximity,0.19717131474103577,0.25,0.5,100,586
58,0.516653754054711,500,20,5.0,200,0.0,-5660125544707111817,10.0,1.0,proximity,0.20350597609561727,0.25,0.5,100,585
58,0.5435375912839192,500,20,5.0,200,0.0,-8509643637355405869,10.0,1.0,proximity,0.19529880478087633,0.25,0.5,100,587
58,0.8019768749112186,500,20,5.0,200,0.0,9125957656801271775,10.0,1.0,proximity,0.20219123505976083,0.25,0.5,100,588
58,0.5559624595963116,500,20,5.0,200,0.0,-80479584029898034,10.0,1.0,proximity,0.202430278884462,0.25,0.5,100,589
58,0.6482674684188452,500,20,5.0,200,0.0,-1412224666789384324,10.0,1.0,proximity,0.19697211155378488,0.25,0.5,100,590
58,0.6024934209541443,500,20,5.0,200,0.0,-2880718604252776791,10.0,1.0,proximity,0.2082071713147409,0.25,0.5,100,591
59,0.7652863130878276,500,20,5.0,200,0.0,-7837647424093264222,10.0,5.0,proximity,0.18904382470119524,0.25,0.5,100,592
59,0.6974585051840514,500,20,5.0,200,0.0,-6887757348186951742,10.0,5.0,proximity,0.19840637450199186,0.25,0.5,100,593
59,0.45881406497957883,500,20,5.0,200,0.0,-9189124478502528009,10.0,5.0,proximity,0.19828685258964146,0.25,0.5,100,594
59,0.6194966532382598,500,20,5.0,200,0.0,3254494795926554597,10.0,5.0,proximity,0.2021115537848605,0.25,0.5,100,596
59,0.5024969685763565,500,20,5.0,200,0.0,-5977128330400867962,10.0,5.0,proximity,0.20047808764940234,0.25,0.5,100,595
59,0.6980125286592168,500,20,5.0,200,0.0,2624013504609618967,10.0,5.0,proximity,0.19964143426294825,0.25,0.5,100,597
59,0.7568526558727758,500,20,5.0,200,0.0,3744292634218366555,10.0,5.0,proximity,0.2037051792828685,0.25,0.5,100,598
59,0.507189806454626,500,20,5.0,200,0.0,-3671510727826515205,10.0,5.0,proximity,0.20804780876494033,0.25,0.5,100,599
59,0.6979478642909586,500,20,5.0,200,0.0,-4033462767818914347,10.0,5.0,proximity,0.18960159362549797,0.25,0.5,100,600
59,0.5063839572238671,500,20,5.0,200,0.0,-7810285143822033637,10.0,5.0,proximity,0.1782868525896415,0.25,0.5,100,601
60,0.5067578851052071,500,20,1.0,200,5.0,4005679308968543255,-10.0,1.0,proximity,0.22059760956175306,0.25,0.5,100,602
60,0.9461530924800315,500,20,1.0,200,5.0,6098589299487512827,-10.0,1.0,proximity,0.2066932270916334,0.25,0.5,100,603
60,0.5871936701105609,500,20,1.0,200,5.0,6339422179167276949,-10.0,1.0,proximity,0.19752988047808762,0.25,0.5,100,604
60,0.5552063916277016,500,20,1.0,200,5.0,-1022873693945225492,-10.0,1.0,proximity,0.205179282868526,0.25,0.5,100,605
60,0.6033911386545872,500,20,1.0,200,5.0,2843813272892754152,-10.0,1.0,proximity,0.21729083665338636,0.25,0.5,100,606
60,0.6133305556293019,500,20,1.0,200,5.0,6946020260151360348,-10.0,1.0,proximity,0.2142629482071713,0.25,0.5,100,607
60,0.7078185917967257,500,20,1.0,200,5.0,-8034963534592144308,-10.0,1.0,proximity,0.2003585657370517,0.25,0.5,100,608
60,0.3425596017917172,500,20,1.0,200,5.0,-5865500633225893972,-10.0,1.0,proximity,0.20262948207171314,0.25,0.5,100,609
60,0.5827683988549893,500,20,1.0,200,5.0,-6041451566202494182,-10.0,1.0,proximity,0.1930677290836654,0.25,0.5,100,610
60,0.41810171671263757,500,20,1.0,200,5.0,2956905380525339616,-10.0,1.0,proximity,0.1900398406374503,0.25,0.5,100,611
61,0.5032993128727871,500,20,1.0,200,5.0,-2732207921475288852,-10.0,5.0,proximity,0.201593625498008,0.25,0.5,100,612
61,0.6940615171269503,500,20,1.0,200,5.0,695704685596811510,-10.0,5.0,proximity,0.21195219123505965,0.25,0.5,100,613
61,0.5993917288552564,500,20,1.0,200,5.0,843552410441428243,-10.0,5.0,proximity,0.22243027888446232,0.25,0.5,100,614
61,0.413299831353649,500,20,1.0,200,5.0,4898523846758014857,-10.0,5.0,proximity,0.20163346613545802,0.25,0.5,100,616
61,0.6120740516418434,500,20,1.0,200,5.0,-6219091669705625228,-10.0,5.0,proximity,0.19533864541832657,0.25,0.5,100,615
61,0.6066537705318579,500,20,1.0,200,5.0,-5408636720362699227,-10.0,5.0,proximity,0.20035856573705182,0.25,0.5,100,617
61,0.4565597637524603,500,20,1.0,200,5.0,-208451086293732653,-10.0,5.0,proximity,0.18713147410358544,0.25,0.5,100,618
61,0.5448867042674799,500,20,1.0,200,5.0,-4445342813815364097,-10.0,5.0,proximity,0.1801992031872508,0.25,0.5,100,619
61,0.5264114644692759,500,20,1.0,200,5.0,6679515867324208723,-10.0,5.0,proximity,0.18605577689243044,0.25,0.5,100,620
61,0.6058712481182675,500,20,1.0,200,5.0,4587173078842256001,-10.0,5.0,proximity,0.187808764940239,0.25,0.5,100,621
62,0.31475464336759124,500,20,1.0,200,5.0,6060344977251521883,-5.0,1.0,proximity,0.19203187250996026,0.25,0.5,100,622
62,0.45125527431708834,500,20,1.0,200,5.0,-372734397029858642,-5.0,1.0,proximity,0.2001593625498009,0.25,0.5,100,623
62,0.3710910840288294,500,20,1.0,200,5.0,-5187207355341985265,-5.0,1.0,proximity,0.19641434262948215,0.25,0.5,100,624
62,0.6059662030698152,500,20,1.0,200,5.0,3436446341779878362,-5.0,1.0,proximity,0.19533864541832663,0.25,0.5,100,626
62,0.3540315319544752,500,20,1.0,200,5.0,-6751048727307668510,-5.0,1.0,proximity,0.1965737051792829,0.25,0.5,100,625
62,0.3295153322896414,500,20,1.0,200,5.0,-5633341473154327565,-5.0,1.0,proximity,0.20091633466135436,0.25,0.5,100,627
62,0.37174976809565097,500,20,1.0,200,5.0,5430504744452546151,-5.0,1.0,proximity,0.19677290836653374,0.25,0.5,100,628
62,0.3613604573818908,500,20,1.0,200,5.0,-5623909098103329077,-5.0,1.0,proximity,0.1868924302788845,0.25,0.5,100,629
62,0.4541111686332377,500,20,1.0,200,5.0,-1922992151142695081,-5.0,1.0,proximity,0.20139442231075702,0.25,0.5,100,630
62,0.289462311098711,500,20,1.0,200,5.0,4273138903484201091,-5.0,1.0,proximity,0.19621513944223098,0.25,0.5,100,631
63,0.35842818736122084,500,20,1.0,200,5.0,2406222128384334228,-5.0,5.0,proximity,0.1870517928286854,0.25,0.5,100,632
63,0.420675655200623,500,20,1.0,200,5.0,3227201980980400359,-5.0,5.0,proximity,0.19896414342629476,0.25,0.5,100,634
63,0.38561074100707804,500,20,1.0,200,5.0,-8543815133258185875,-5.0,5.0,proximity,0.21007968127490048,0.25,0.5,100,635
63,0.35761019897133833,500,20,1.0,200,5.0,5032638751090347316,-5.0,5.0,proximity,0.20593625498007967,0.25,0.5,100,633
63,0.37392534851863196,500,20,1.0,200,5.0,-8896232215626427785,-5.0,5.0,proximity,0.18836653386454189,0.25,0.5,100,636
63,0.3899690983508829,500,20,1.0,200,5.0,-677082046858160577,-5.0,5.0,proximity,0.19494023904382443,0.25,0.5,100,637
63,0.37251107078320206,500,20,1.0,200,5.0,7465206046448347423,-5.0,5.0,proximity,0.19513944223107577,0.25,0.5,100,638
63,0.5103568107228037,500,20,1.0,200,5.0,8155579864408943228,-5.0,5.0,proximity,0.2091235059760955,0.25,0.5,100,639
63,0.32869019777296116,500,20,1.0,200,5.0,-8206675743275468935,-5.0,5.0,proximity,0.18745019920318717,0.25,0.5,100,640
63,0.38060048382163475,500,20,1.0,200,5.0,-966740853528779161,-5.0,5.0,proximity,0.2011155378486056,0.25,0.5,100,641
64,0.12596286514411967,500,20,1.0,200,5.0,-2888930855010582755,0.0,1.0,proximity,0.19131474103585663,0.25,0.5,100,642
64,0.16407210816213486,500,20,1.0,200,5.0,4949217468318661849,0.0,1.0,proximity,0.19948207171314747,0.25,0.5,100,643
64,0.39397424294821815,500,20,1.0,200,5.0,-7170564522719648668,0.0,1.0,proximity,0.18143426294820716,0.25,0.5,100,644
64,0.12049532272063025,500,20,1.0,200,5.0,2389321753082969683,0.0,1.0,proximity,0.18820717131474088,0.25,0.5,100,645
64,0.16196159305841704,500,20,1.0,200,5.0,6789585809110665347,0.0,1.0,proximity,0.19386454183266932,0.25,0.5,100,646
64,0.4667451397721249,500,20,1.0,200,5.0,-4507105888494220455,0.0,1.0,proximity,0.21836653386454194,0.25,0.5,100,647
64,0.15383585272084224,500,20,1.0,200,5.0,-6741397586874074715,0.0,1.0,proximity,0.2127888446215138,0.25,0.5,100,648
64,0.20795579622571478,500,20,1.0,200,5.0,-7668581336980476044,0.0,1.0,proximity,0.21474103585657378,0.25,0.5,100,649
64,0.1612443446994715,500,20,1.0,200,5.0,-7416562044261938164,0.0,1.0,proximity,0.18350597609561745,0.25,0.5,100,650
64,0.11335858632434982,500,20,1.0,200,5.0,-4983815019603823528,0.0,1.0,proximity,0.19888446215139433,0.25,0.5,100,651
65,0.17824931172825972,500,20,1.0,200,5.0,225554516691225892,0.0,5.0,proximity,0.20051792828685247,0.25,0.5,100,652
65,0.14253282465746073,500,20,1.0,200,5.0,-568379783296852276,0.0,5.0,proximity,0.18302788844621523,0.25,0.5,100,653
65,0.16371601120585627,500,20,1.0,200,5.0,8275183126134607844,0.0,5.0,proximity,0.21203187250996022,0.25,0.5,100,654
65,0.5094768118182729,500,20,1.0,200,5.0,3836132065685772492,0.0,5.0,proximity,0.22729083665338642,0.25,0.5,100,656
65,0.14653845866090234,500,20,1.0,200,5.0,-2494332133311095185,0.0,5.0,proximity,0.21573705179282862,0.25,0.5,100,655
65,0.16222209108566144,500,20,1.0,200,5.0,7718149337064923051,0.0,5.0,proximity,0.20011952191235083,0.25,0.5,100,657
65,0.16556693496418284,500,20,1.0,200,5.0,-6545026260478500853,0.0,5.0,proximity,0.19633466135458166,0.25,0.5,100,658
65,0.15043414878473632,500,20,1.0,200,5.0,2928994827998487331,0.0,5.0,proximity,0.20350597609561724,0.25,0.5,100,659
65,0.1297972578075688,500,20,1.0,200,5.0,7725536451519270307,0.0,5.0,proximity,0.19446215139442238,0.25,0.5,100,660
66,0.3987503527441765,500,20,1.0,200,5.0,4917771435087799102,5.0,1.0,proximity,0.2039043824701195,0.25,0.5,100,662
66,0.6064591151557464,500,20,1.0,200,5.0,-3286650744480754300,5.0,1.0,proximity,0.18529880478087643,0.25,0.5,100,663
66,0.49681227255098687,500,20,1.0,200,5.0,4437838117124369916,5.0,1.0,proximity,0.20338645418326698,0.25,0.5,100,664
66,0.7011622999087512,500,20,1.0,200,5.0,-2317045756041621886,5.0,1.0,proximity,0.1915537848605578,0.25,0.5,100,665
66,0.541113396163088,500,20,1.0,200,5.0,-8515490716471878252,5.0,1.0,proximity,0.19884462151394425,0.25,0.5,100,666
65,0.15961166681137254,500,20,1.0,200,5.0,6179092070895806725,0.0,5.0,proximity,0.2142629482071713,0.25,0.5,100,661
66,0.5070059470629938,500,20,1.0,200,5.0,3173287878149107941,5.0,1.0,proximity,0.19203187250996018,0.25,0.5,100,668
66,0.488389845191785,500,20,1.0,200,5.0,-3075198066740672207,5.0,1.0,proximity,0.19199203187251004,0.25,0.5,100,667
66,0.3927115880540103,500,20,1.0,200,5.0,2025081009317025598,5.0,1.0,proximity,0.200597609561753,0.25,0.5,100,669
66,0.6475331669958373,500,20,1.0,200,5.0,1012164017907209571,5.0,1.0,proximity,0.2074900398406375,0.25,0.5,100,670
66,0.4412097108103165,500,20,1.0,200,5.0,8733790276977040089,5.0,1.0,proximity,0.20844621513944228,0.25,0.5,100,671
67,0.3607082055003659,500,20,1.0,200,5.0,-7049610573087648895,5.0,5.0,proximity,0.20876494023904377,0.25,0.5,100,672
67,0.4048461053378612,500,20,1.0,200,5.0,-4224689487792873368,5.0,5.0,proximity,0.1955378486055779,0.25,0.5,100,674
67,0.5063260893797642,500,20,1.0,200,5.0,3077762129864970716,5.0,5.0,proximity,0.1916733067729084,0.25,0.5,100,673
67,0.5536450140271054,500,20,1.0,200,5.0,-4730265296780418649,5.0,5.0,proximity,0.19358565737051783,0.25,0.5,100,675
67,0.419166096293176,500,20,1.0,200,5.0,-8900142143337971702,5.0,5.0,proximity,0.20737051792828678,0.25,0.5,100,676
67,0.6085044382268131,500,20,1.0,200,5.0,6696546873293444146,5.0,5.0,proximity,0.19944223107569722,0.25,0.5,100,677
67,0.512438208482498,500,20,1.0,200,5.0,-167879448511817913,5.0,5.0,proximity,0.19314741035856575,0.25,0.5,100,678
67,0.4493428137693719,500,20,1.0,200,5.0,-8025084173121116791,5.0,5.0,proximity,0.20147410358565732,0.25,0.5,100,679
67,0.5542653015857317,500,20,1.0,200,5.0,2842607744681878612,5.0,5.0,proximity,0.20557768924302788,0.25,0.5,100,680
67,0.5886402993629465,500,20,1.0,200,5.0,6423627214911444562,5.0,5.0,proximity,0.18920318725099605,0.25,0.5,100,681
68,0.49296859363650986,500,20,1.0,200,5.0,5493228756039685885,10.0,1.0,proximity,0.19729083665338654,0.25,0.5,100,682
68,0.4550552853243459,500,20,1.0,200,5.0,5229575813912233127,10.0,1.0,proximity,0.20035856573705188,0.25,0.5,100,683
68,0.5917314184173833,500,20,1.0,200,5.0,-1066714841920768826,10.0,1.0,proximity,0.21466135458167326,0.25,0.5,100,684
68,0.6114148362002875,500,20,1.0,200,5.0,8905331037225545990,10.0,1.0,proximity,0.1940239043824701,0.25,0.5,100,685
68,0.5627233599190282,500,20,1.0,200,5.0,5533331304511255267,10.0,1.0,proximity,0.21247011952191225,0.25,0.5,100,686
68,0.6096596678017561,500,20,1.0,200,5.0,7903890778160659775,10.0,1.0,proximity,0.19342629482071697,0.25,0.5,100,687
68,0.644565821943479,500,20,1.0,200,5.0,1057100008088239255,10.0,1.0,proximity,0.19398406374501986,0.25,0.5,100,689
68,0.39556670886963635,500,20,1.0,200,5.0,47475517344097992,10.0,1.0,proximity,0.1944621513944222,0.25,0.5,100,688
68,0.48606295245412545,500,20,1.0,200,5.0,5685256055433624922,10.0,1.0,proximity,0.2022709163346613,0.25,0.5,100,690
68,0.5124559971799945,500,20,1.0,200,5.0,2940274174161366108,10.0,1.0,proximity,0.19669322709163348,0.25,0.5,100,691
69,0.5954680604318878,500,20,1.0,200,5.0,-3296964486052238526,10.0,5.0,proximity,0.19075697211155385,0.25,0.5,100,692
69,0.601465979931289,500,20,1.0,200,5.0,-9017408662283202415,10.0,5.0,proximity,0.19366533864541832,0.25,0.5,100,694
69,0.6416663961452744,500,20,1.0,200,5.0,8098396537254109134,10.0,5.0,proximity,0.19725099601593624,0.25,0.5,100,693
69,0.4881194204208154,500,20,1.0,200,5.0,-8616104817691569620,10.0,5.0,proximity,0.1898406374501991,0.25,0.5,100,695
69,0.44743802755661194,500,20,1.0,200,5.0,-6086923817756041015,10.0,5.0,proximity,0.18087649402390424,0.25,0.5,100,696
69,0.31697327145242576,500,20,1.0,200,5.0,-6974708118555293033,10.0,5.0,proximity,0.20103585657370512,0.25,0.5,100,697
69,0.40813108960646294,500,20,1.0,200,5.0,-8679408259811915613,10.0,5.0,proximity,0.19804780876494035,0.25,0.5,100,698
69,0.458373019271969,500,20,1.0,200,5.0,-681343919501469384,10.0,5.0,proximity,0.1815537848605578,0.25,0.5,100,699
69,0.42233270395260747,500,20,1.0,200,5.0,-7339721835789240984,10.0,5.0,proximity,0.20521912350597607,0.25,0.5,100,700
69,0.5994025375084923,500,20,1.0,200,5.0,5754619693664338975,10.0,5.0,proximity,0.21318725099601588,0.25,0.5,100,701
70,0.9152987207867888,500,20,5.0,200,5.0,8586810341444949411,-10.0,1.0,proximity,0.2029482071713147,0.25,0.5,100,702
70,0.8801245072031991,500,20,5.0,200,5.0,-3255796478047096235,-10.0,1.0,proximity,0.20498007968127482,0.25,0.5,100,704
70,0.5446373840286387,500,20,5.0,200,5.0,-6366647016909431692,-10.0,1.0,proximity,0.19952191235059757,0.25,0.5,100,703
70,0.9488423910836745,500,20,5.0,200,5.0,-5537790666499203620,-10.0,1.0,proximity,0.20486055776892437,0.25,0.5,100,705
70,0.9848688602717312,500,20,5.0,200,5.0,7890055601536067181,-10.0,1.0,proximity,0.1934262948207172,0.25,0.5,100,706
70,0.5656189523998981,500,20,5.0,200,5.0,4815683874459552463,-10.0,1.0,proximity,0.19868525896414324,0.25,0.5,100,707
70,0.6890600238128305,500,20,5.0,200,5.0,8427266067496107413,-10.0,1.0,proximity,0.21199203187250995,0.25,0.5,100,708
70,0.6813205138164492,500,20,5.0,200,5.0,-7557990703573547324,-10.0,1.0,proximity,0.1932669322709163,0.25,0.5,100,709
70,0.5884916666375277,500,20,5.0,200,5.0,8315761191911405508,-10.0,1.0,proximity,0.20139442231075694,0.25,0.5,100,710
70,0.5744083983494099,500,20,5.0,200,5.0,827548884379242923,-10.0,1.0,proximity,0.20701195219123503,0.25,0.5,100,711
71,0.5917026253366678,500,20,5.0,200,5.0,1583945117404170904,-10.0,5.0,proximity,0.20250996015936257,0.25,0.5,100,712
71,0.5861689952297165,500,20,5.0,200,5.0,-5876434648966258437,-10.0,5.0,proximity,0.19745019920318732,0.25,0.5,100,714
71,0.4969995523257954,500,20,5.0,200,5.0,7748578144744682856,-10.0,5.0,proximity,0.1780478087649401,0.25,0.5,100,713
71,0.6429604928403818,500,20,5.0,200,5.0,-403733437478734822,-10.0,5.0,proximity,0.19804780876494016,0.25,0.5,100,715
71,0.5688111042954457,500,20,5.0,200,5.0,403605597971270825,-10.0,5.0,proximity,0.1919521912350597,0.25,0.5,100,716
71,0.645810093031903,500,20,5.0,200,5.0,6049974916520946156,-10.0,5.0,proximity,0.1875298804780877,0.25,0.5,100,717
71,0.371276491158746,500,20,5.0,200,5.0,7937757879018690462,-10.0,5.0,proximity,0.1764541832669323,0.25,0.5,100,718
71,0.5139709820265859,500,20,5.0,200,5.0,1274492266291997662,-10.0,5.0,proximity,0.1939840637450198,0.25,0.5,100,719
71,0.6010461240724175,500,20,5.0,200,5.0,-8266733884712953451,-10.0,5.0,proximity,0.18741035856573685,0.25,0.5,100,720
71,0.38614211263996817,500,20,5.0,200,5.0,-1174787353299992307,-10.0,5.0,proximity,0.21673306772908366,0.25,0.5,100,721
72,0.7449345272477882,500,20,5.0,200,5.0,3734553287098970440,-5.0,1.0,proximity,0.1988446215139443,0.25,0.5,100,722
72,0.16576253644138556,500,20,5.0,200,5.0,-3023176753198066214,-5.0,1.0,proximity,0.19486055776892414,0.25,0.5,100,723
72,0.1739144328042184,500,20,5.0,200,5.0,-3694684812462989393,-5.0,1.0,proximity,0.20533864541832667,0.25,0.5,100,724
72,0.18954002402295472,500,20,5.0,200,5.0,579364062184889585,-5.0,1.0,proximity,0.19215139442231072,0.25,0.5,100,725
72,0.21105413333080855,500,20,5.0,200,5.0,4756628689293003439,-5.0,1.0,proximity,0.20000000000000012,0.25,0.5,100,726
72,0.17614937080558443,500,20,5.0,200,5.0,2286266500840779913,-5.0,1.0,proximity,0.20035856573705182,0.25,0.5,100,727
72,0.17706108779356042,500,20,5.0,200,5.0,6761998583515001263,-5.0,1.0,proximity,0.1989641434262948,0.25,0.5,100,728
72,0.1496362742737066,500,20,5.0,200,5.0,-1035919392896373579,-5.0,1.0,proximity,0.21577689243027875,0.25,0.5,100,729
72,0.1777501926976521,500,20,5.0,200,5.0,9159640522674564875,-5.0,1.0,proximity,0.1753784860557769,0.25,0.5,100,730
72,0.16076291343407126,500,20,5.0,200,5.0,8785169312009035185,-5.0,1.0,proximity,0.19147410358565747,0.25,0.5,100,731
73,0.17293480982876094,500,20,5.0,200,5.0,7778842425450713390,-5.0,5.0,proximity,0.19573705179282866,0.25,0.5,100,732
73,0.206077972190373,500,20,5.0,200,5.0,7919713486513086810,-5.0,5.0,proximity,0.2062549800796814,0.25,0.5,100,733
73,0.19910217623509166,500,20,5.0,200,5.0,-2832853531032563237,-5.0,5.0,proximity,0.191195219123506,0.25,0.5,100,735
73,0.19433494480125163,500,20,5.0,200,5.0,-3347532110188712984,-5.0,5.0,proximity,0.20589641434262962,0.25,0.5,100,734
73,0.17452060474269632,500,20,5.0,200,5.0,1250462029977113575,-5.0,5.0,proximity,0.20191235059760962,0.25,0.5,100,736
73,0.16710816384108304,500,20,5.0,200,5.0,3400321260340795007,-5.0,5.0,proximity,0.19792828685258976,0.25,0.5,100,737
73,0.20652390371847432,500,20,5.0,200,5.0,6823615093094389964,-5.0,5.0,proximity,0.21123505976095613,0.25,0.5,100,738
73,0.19711881189740252,500,20,5.0,200,5.0,-6155345951344766990,-5.0,5.0,proximity,0.20334661354581665,0.25,0.5,100,739
73,0.5085702314457159,500,20,5.0,200,5.0,5464309148450140918,-5.0,5.0,proximity,0.20330677290836643,0.25,0.5,100,740
73,0.34818086394418535,500,20,5.0,200,5.0,8310976825597682724,-5.0,5.0,proximity,0.20179282868525883,0.25,0.5,100,741
74,0.13039412336574788,500,20,5.0,200,5.0,6141635494378078446,0.0,1.0,proximity,0.20880478087649393,0.25,0.5,100,742
74,0.12822781959863722,500,20,5.0,200,5.0,6359344800998785003,0.0,1.0,proximity,0.20876494023904382,0.25,0.5,100,743
74,0.13935646405849983,500,20,5.0,200,5.0,1734891792102778187,0.0,1.0,proximity,0.1949402390438247,0.25,0.5,100,744
74,0.18200615079072213,500,20,5.0,200,5.0,-421571110749471478,0.0,1.0,proximity,0.20466135458167314,0.25,0.5,100,745
74,0.1792796847538966,500,20,5.0,200,5.0,-1262503879053295664,0.0,1.0,proximity,0.211792828685259,0.25,0.5,100,746
74,0.573441957753874,500,20,5.0,200,5.0,-1356832594851792495,0.0,1.0,proximity,0.2057370517928287,0.25,0.5,100,747
74,0.13927831355234316,500,20,5.0,200,5.0,-8750125526800983346,0.0,1.0,proximity,0.1912350597609562,0.25,0.5,100,748
74,0.17297320071227615,500,20,5.0,200,5.0,-180347093224217250,0.0,1.0,proximity,0.21358565737051796,0.25,0.5,100,749
74,0.1318478774443053,500,20,5.0,200,5.0,7538803130430604307,0.0,1.0,proximity,0.2164940239043823,0.25,0.5,100,750
74,0.16251936771418424,500,20,5.0,200,5.0,1021037446825138249,0.0,1.0,proximity,0.19322709163346619,0.25,0.5,100,751
75,0.16030875093230912,500,20,5.0,200,5.0,7283292114923356276,0.0,5.0,proximity,0.21848605577689248,0.25,0.5,100,752
75,0.12030283771865861,500,20,5.0,200,5.0,7072320429412630706,0.0,5.0,proximity,0.1932669322709163,0.25,0.5,100,753
75,0.14782439851846638,500,20,5.0,200,5.0,2159677048071111709,0.0,5.0,proximity,0.21382470119521896,0.25,0.5,100,755
75,0.15750937762995787,500,20,5.0,200,5.0,-3761025602559948509,0.0,5.0,proximity,0.17565737051792824,0.25,0.5,100,754
75,0.7114883462631303,500,20,5.0,200,5.0,4530218097701422885,0.0,5.0,proximity,0.1978087649402391,0.25,0.5,100,756
75,0.3622083361869631,500,20,5.0,200,5.0,-2907504735559101530,0.0,5.0,proximity,0.20780876494023906,0.25,0.5,100,757
75,0.17800715144174947,500,20,5.0,200,5.0,-6547194608582034380,0.0,5.0,proximity,0.1905577689243028,0.25,0.5,100,758
75,0.15959695846545996,500,20,5.0,200,5.0,-8339177383470318121,0.0,5.0,proximity,0.19637450199203188,0.25,0.5,100,760
75,0.12827086849334893,500,20,5.0,200,5.0,-1682341170126361241,0.0,5.0,proximity,0.19175298804780877,0.25,0.5,100,759
75,0.1087917889828431,500,20,5.0,200,5.0,-4336319817223020724,0.0,5.0,proximity,0.2033067729083666,0.25,0.5,100,761
76,0.4727336731317977,500,20,5.0,200,5.0,5207436117537438883,5.0,1.0,proximity,0.21904382470119518,0.25,0.5,100,762
76,0.5240204163721459,500,20,5.0,200,5.0,-7860258944420365389,5.0,1.0,proximity,0.2012350597609561,0.25,0.5,100,763
76,0.4532043583929291,500,20,5.0,200,5.0,603540607736270500,5.0,1.0,proximity,0.20227091633466135,0.25,0.5,100,764
76,0.592587154838514,500,20,5.0,200,5.0,5587112388706953373,5.0,1.0,proximity,0.20880478087649376,0.25,0.5,100,765
76,0.40527987121241016,500,20,5.0,200,5.0,5943943767022591201,5.0,1.0,proximity,0.19585657370517917,0.25,0.5,100,766
76,0.4804096634983241,500,20,5.0,200,5.0,-2488408799576155762,5.0,1.0,proximity,0.20199203187251003,0.25,0.5,100,767
76,0.572608535638,500,20,5.0,200,5.0,3505862928246574662,5.0,1.0,proximity,0.2122709163346614,0.25,0.5,100,768
76,0.7503477549558469,500,20,5.0,200,5.0,-2944406900136260493,5.0,1.0,proximity,0.20402390438247034,0.25,0.5,100,769
76,0.4533461247881267,500,20,5.0,200,5.0,8905677123043504133,5.0,1.0,proximity,0.18613545816733065,0.25,0.5,100,770
76,0.509122355572112,500,20,5.0,200,5.0,2569899957186330753,5.0,1.0,proximity,0.19872509960159365,0.25,0.5,100,771
77,0.5036295083060817,500,20,5.0,200,5.0,6465228699834128010,5.0,5.0,proximity,0.1953784860557767,0.25,0.5,100,772
77,0.4152565308705126,500,20,5.0,200,5.0,3437152399290899033,5.0,5.0,proximity,0.21976095617529884,0.25,0.5,100,773
77,0.517647839812678,500,20,5.0,200,5.0,-8982556818989027215,5.0,5.0,proximity,0.21796812749003977,0.25,0.5,100,775
77,0.5154728844957855,500,20,5.0,200,5.0,5305526803380147016,5.0,5.0,proximity,0.19677290836653383,0.25,0.5,100,774
77,0.3683030082356346,500,20,5.0,200,5.0,-957270755396203500,5.0,5.0,proximity,0.2050597609561753,0.25,0.5,100,776
77,0.6500024682763875,500,20,5.0,200,5.0,1449507299088812232,5.0,5.0,proximity,0.1913944223107571,0.25,0.5,100,777
77,0.503209126860814,500,20,5.0,200,5.0,-5982887631538358342,5.0,5.0,proximity,0.1941434262948207,0.25,0.5,100,778
77,0.5468070312649475,500,20,5.0,200,5.0,4956715523074004245,5.0,5.0,proximity,0.20908366533864545,0.25,0.5,100,779
77,0.7030243494604052,500,20,5.0,200,5.0,9112619403222445494,5.0,5.0,proximity,0.20948207171314748,0.25,0.5,100,780
77,0.45924124144333495,500,20,5.0,200,5.0,-2781615776236297125,5.0,5.0,proximity,0.2012350597609559,0.25,0.5,100,781
78,0.5375435935075739,500,20,5.0,200,5.0,-1388125229989339563,10.0,1.0,proximity,0.19350597609561762,0.25,0.5,100,782
78,0.34814261248548545,500,20,5.0,200,5.0,7747081504433686843,10.0,1.0,proximity,0.21852589641434253,0.25,0.5,100,783
78,0.41309803336598994,500,20,5.0,200,5.0,-8314658429353608367,10.0,1.0,proximity,0.20079681274900404,0.25,0.5,100,784
78,0.40292409318299577,500,20,5.0,200,5.0,-5492591920474525372,10.0,1.0,proximity,0.20693227091633437,0.25,0.5,100,785
78,0.5334875004495332,500,20,5.0,200,5.0,2864226602232786116,10.0,1.0,proximity,0.19729083665338634,0.25,0.5,100,786
78,0.49696128852797794,500,20,5.0,200,5.0,-8797659838162593953,10.0,1.0,proximity,0.21015936254980075,0.25,0.5,100,787
78,0.5643414449601585,500,20,5.0,200,5.0,8180954996775725884,10.0,1.0,proximity,0.20362549800796814,0.25,0.5,100,788
78,0.5952691532239385,500,20,5.0,200,5.0,7334079450386392388,10.0,1.0,proximity,0.21227091633466136,0.25,0.5,100,789
