evolution$generation,evolution$evaluated,unemploymentShare,workPermitShare,perceivedInformalityCoef,jobSimilarityHierarchy,socialNetworkCoef,socialNetworkHierarchy,socialNetworkMode,informalityError,unemploymentError,evolution$samples,workPermitShare,socialNetworkHierarchy,unemploymentShare,iterations,unemploymentError,perceivedInformalityCoef,jobsNumber,socialNetworkMode,informalityError,replication,jobSimilarityHierarchy,socialNetworkCoef,workersNumber,jobSeekingNumber
7200,7200,0.14595625218716607,0.9,-2.84921116603424,0.0,-3.455285028482993,2.1573856888234264,proximity,0.172580339191287,0.22374501992031873,40,"[0.9,0.9,0.9,0.9,0.9,0.9,0.9,0.9,0.9,0.9,0.9,0.9,0.9,0.9,0.9,0.9,0.9,0.9,0.9,0.9,0.9,0.9,0.9,0.9,0.9,0.9,0.9,0.9,0.9,0.9,0.9,0.9,0.9,0.9,0.9,0.9,0.9,0.9,0.9,0.9]","[2.1573856888234264,2.1573856888234264,2.1573856888234264,2.1573856888234264,2.1573856888234264,2.1573856888234264,2.1573856888234264,2.1573856888234264,2.1573856888234264,2.1573856888234264,2.1573856888234264,2.1573856888234264,2.1573856888234264,2.1573856888234264,2.1573856888234264,2.1573856888234264,2.1573856888234264,2.1573856888234264,2.1573856888234264,2.1573856888234264,2.1573856888234264,2.1573856888234264,2.1573856888234264,2.1573856888234264,2.1573856888234264,2.1573856888234264,2.1573856888234264,2.1573856888234264,2.1573856888234264,2.1573856888234264,2.1573856888234264,2.1573856888234264,2.1573856888234264,2.1573856888234264,2.1573856888234264,2.1573856888234264,2.1573856888234264,2.1573856888234264,2.1573856888234264,2.1573856888234264]","[0.14595625218716607,0.14595625218716607,0.14595625218716607,0.14595625218716607,0.14595625218716607,0.14595625218716607,0.14595625218716607,0.14595625218716607,0.14595625218716607,0.14595625218716607,0.14595625218716607,0.14595625218716607,0.14595625218716607,0.14595625218716607,0.14595625218716607,0.14595625218716607,0.14595625218716607,0.14595625218716607,0.14595625218716607,0.14595625218716607,0.14595625218716607,0.14595625218716607,0.14595625218716607,0.14595625218716607,0.14595625218716607,0.14595625218716607,0.14595625218716607,0.14595625218716607,0.14595625218716607,0.14595625218716607,0.14595625218716607,0.14595625218716607,0.14595625218716607,0.14595625218716607,0.14595625218716607,0.14595625218716607,0.14595625218716607,0.14595625218716607,0.14595625218716607,0.14595625218716607]","[500,500,500,500,500,500,500,500,500,500,500,500,500,500,500,500,500,500,500,500,500,500,500,500,500,500,500,500,500,500,500,500,500,500,500,500,500,500,500,500]","[0.22233067729083666,0.22372509960159362,0.22420318725099603,0.22336653386454183,0.22424302788844622,0.22300796812749005,0.22316733067729083,0.22412350597609562,0.22304780876494024,0.22380478087649402,0.22312749003984064,0.22376494023904384,0.22380478087649402,0.22384462151394424,0.2241633466135458,0.22161354581673307,0.22340637450199205,0.22348605577689243,0.22392430278884462,0.22364541832669324,0.22384462151394424,0.22384462151394424,0.22340637450199205,0.22356573705179283,0.2241633466135458,0.22332669322709164,0.22392430278884462,0.22392430278884462,0.22328685258964143,0.22420318725099603,0.22360557768924302,0.22328685258964143,0.22400398406374503,0.22344621513944224,0.22388446215139443,0.2244820717131474,0.22368525896414343,0.22344621513944224,0.22376494023904384,0.22380478087649402]","[-2.84921116603424,-2.84921116603424,-2.84921116603424,-2.84921116603424,-2.84921116603424,-2.84921116603424,-2.84921116603424,-2.84921116603424,-2.84921116603424,-2.84921116603424,-2.84921116603424,-2.84921116603424,-2.84921116603424,-2.84921116603424,-2.84921116603424,-2.84921116603424,-2.84921116603424,-2.84921116603424,-2.84921116603424,-2.84921116603424,-2.84921116603424,-2.84921116603424,-2.84921116603424,-2.84921116603424,-2.84921116603424,-2.84921116603424,-2.84921116603424,-2.84921116603424,-2.84921116603424,-2.84921116603424,-2.84921116603424,-2.84921116603424,-2.84921116603424,-2.84921116603424,-2.84921116603424,-2.84921116603424,-2.84921116603424,-2.84921116603424,-2.84921116603424,-2.84921116603424]","[200,200,200,200,200,200,200,200,200,200,200,200,200,200,200,200,200,200,200,200,200,200,200,200,200,200,200,200,200,200,200,200,200,200,200,200,200,200,200,200]","[proximity,proximity,proximity,proximity,proximity,proximity,proximity,proximity,proximity,proximity,proximity,proximity,proximity,proximity,proximity,proximity,proximity,proximity,proximity,proximity,proximity,proximity,proximity,proximity,proximity,proximity,proximity,proximity,proximity,proximity,proximity,proximity,proximity,proximity,proximity,proximity,proximity,proximity,proximity,proximity]","[0.2034672503984688,0.17387945634416024,0.17207459155339078,0.1570220351227707,0.19206739116212246,0.1639872106597391,0.1424753973908056,0.20805190882400415,0.12683319416512823,0.1448871776137678,0.15186335692652253,0.18603844183522378,0.1689302341736435,0.28450861914588443,0.1289280507113798,0.1751356152058411,0.10473713282351865,0.17596342893692807,0.1602169443425221,0.21362239630079793,0.038467194097245416,0.17308608682918325,0.13847047115132893,0.14453264060524473,0.15258126381471593,0.05998676024047417,0.15282864528416895,0.18714363692354652,0.21193923916498714,0.18021910379508577,0.005404266265012558,0.22477990699111194,0.18411496179190368,0.16932790028629652,0.1957152680265809,0.134039456275085,0.17917817427405214,0.1940110283659412,0.20140353651686038,0.27292920337588156]","[-4805397103116082307,8194053448648926754,-1980969380357427976,-4880849479534300072,-6575601686876734754,-3169555884596940883,448480739290294390,972252333196916551,235686818832723496,-4281525314875805832,8754797356861602394,-5440965831634998217,190813315138005807,-6980557113599508781,-6946290298992678604,-4178783397021468719,731752036230445954,6188663583194918326,-7242480107101017625,1437475898242540266,-3843863147173695421,-9108357333160707448,1283756464851330801,-2115949274777341538,2257849566985305856,3386343361419295187,-4718373269018432916,-6600031067009335917,-7812430077909424652,-8868938796197105525,5362967597627193051,-8277041061172860949,-2364298003867584633,-6010437544937866360,-846660561221474780,-4302353879905255727,-1778665750067631688,-1133455759950435335,-8779012452069982889,4115015689167973756]","[0.0,0.0,0.0,0.0,0.0,0.0,0.0,0.0,0.0,0.0,0.0,0.0,0.0,0.0,0.0,0.0,0.0,0.0,0.0,0.0,0.0,0.0,0.0,0.0,0.0,0.0,0.0,0.0,0.0,0.0,0.0,0.0,0.0,0.0,0.0,0.0,0.0,0.0,0.0,0.0]","[-3.455285028482993,-3.455285028482993,-3.455285028482993,-3.455285028482993,-3.455285028482993,-3.455285028482993,-3.455285028482993,-3.455285028482993,-3.455285028482993,-3.455285028482993,-3.455285028482993,-3.455285028482993,-3.455285028482993,-3.455285028482993,-3.455285028482993,-3.455285028482993,-3.455285028482993,-3.455285028482993,-3.455285028482993,-3.455285028482993,-3.455285028482993,-3.455285028482993,-3.455285028482993,-3.455285028482993,-3.455285028482993,-3.455285028482993,-3.455285028482993,-3.455285028482993,-3.455285028482993,-3.455285028482993,-3.455285028482993,-3.455285028482993,-3.455285028482993,-3.455285028482993,-3.455285028482993,-3.455285028482993,-3.455285028482993,-3.455285028482993,-3.455285028482993,-3.455285028482993]","[100,100,100,100,100,100,100,100,100,100,100,100,100,100,100,100,100,100,100,100,100,100,100,100,100,100,100,100,100,100,100,100,100,100,100,100,100,100,100,100]","[20,20,20,20,20,20,20,20,20,20,20,20,20,20,20,20,20,20,20,20,20,20,20,20,20,20,20,20,20,20,20,20,20,20,20,20,20,20,20,20]"
7200,7200,0.719853664950718,0.9,8.246469816560886,0.0,8.383601427813748,2.10929590603717,proximity,0.13819948408038196,0.4971912350597609,39,"[0.9,0.9,0.9,0.9,0.9,0.9,0.9,0.9,0.9,0.9,0.9,0.9,0.9,0.9,0.9,0.9,0.9,0.9,0.9,0.9,0.9,0.9,0.9,0.9,0.9,0.9,0.9,0.9,0.9,0.9,0.9,0.9,0.9,0.9,0.9,0.9,0.9,0.9,0.9]","[2.10929590603717,2.10929590603717,2.10929590603717,2.10929590603717,2.10929590603717,2.10929590603717,2.10929590603717,2.10929590603717,2.10929590603717,2.10929590603717,2.10929590603717,2.10929590603717,2.10929590603717,2.10929590603717,2.10929590603717,2.10929590603717,2.10929590603717,2.10929590603717,2.10929590603717,2.10929590603717,2.10929590603717,2.10929590603717,2.10929590603717,2.10929590603717,2.10929590603717,2.10929590603717,2.10929590603717,2.10929590603717,2.10929590603717,2.10929590603717,2.10929590603717,2.10929590603717,2.10929590603717,2.10929590603717,2.10929590603717,2.10929590603717,2.10929590603717,2.10929590603717,2.10929590603717]","[0.719853664950718,0.719853664950718,0.719853664950718,0.719853664950718,0.719853664950718,0.719853664950718,0.719853664950718,0.719853664950718,0.719853664950718,0.719853664950718,0.719853664950718,0.719853664950718,0.719853664950718,0.719853664950718,0.719853664950718,0.719853664950718,0.719853664950718,0.719853664950718,0.719853664950718,0.719853664950718,0.719853664950718,0.719853664950718,0.719853664950718,0.719853664950718,0.719853664950718,0.719853664950718,0.719853664950718,0.719853664950718,0.719853664950718,0.719853664950718,0.719853664950718,0.719853664950718,0.719853664950718,0.719853664950718,0.719853664950718,0.719853664950718,0.719853664950718,0.719853664950718,0.719853664950718]","[500,500,500,500,500,500,500,500,500,500,500,500,500,500,500,500,500,500,500,500,500,500,500,500,500,500,500,500,500,500,500,500,500,500,500,500,500,500,500]","[0.4954780876494016,0.49595617529880454,0.4997410358565728,0.4963944223107569,0.4971115537848596,0.4946414342629474,0.4953585657370513,0.4958764940239041,0.49691235059760985,0.4975498007968121,0.49790836653386417,0.4961553784860553,0.49388446215139403,0.4976294820717123,0.5003784860557758,0.49794820717131416,0.4979880478087646,0.4971912350597609,0.4920916334661346,0.49838645418326655,0.4987051792828676,0.49790836653386383,0.4979880478087646,0.4982270916334651,0.49926294820717043,0.4974302788844619,0.4963944223107569,0.49778884462151396,0.495916334661354,0.4972310756972106,0.49818725099601513,0.4965936254980071,0.4964741035856567,0.4973904382470117,0.5011354581673299,0.4949203187250997,0.4963944223107565,0.4953984063745015,0.49547808764940193]","[8.246469816560886,8.246469816560886,8.246469816560886,8.246469816560886,8.246469816560886,8.246469816560886,8.246469816560886,8.246469816560886,8.246469816560886,8.246469816560886,8.246469816560886,8.246469816560886,8.246469816560886,8.246469816560886,8.246469816560886,8.246469816560886,8.246469816560886,8.246469816560886,8.246469816560886,8.246469816560886,8.246469816560886,8.246469816560886,8.246469816560886,8.246469816560886,8.246469816560886,8.246469816560886,8.246469816560886,8.246469816560886,8.246469816560886,8.246469816560886,8.246469816560886,8.246469816560886,8.246469816560886,8.246469816560886,8.246469816560886,8.246469816560886,8.246469816560886,8.246469816560886,8.246469816560886]","[200,200,200,200,200,200,200,200,200,200,200,200,200,200,200,200,200,200,200,200,200,200,200,200,200,200,200,200,200,200,200,200,200,200,200,200,200,200,200]","[proximity,proximity,proximity,proximity,proximity,proximity,proximity,proximity,proximity,proximity,proximity,proximity,proximity,proximity,proximity,proximity,proximity,proximity,proximity,proximity,proximity,proximity,proximity,proximity,proximity,proximity,proximity,proximity,proximity,proximity,proximity,proximity,proximity,proximity,proximity,proximity,proximity,proximity,proximity]","[0.03815739576144023,0.03237223099091724,0.0352788195058098,0.08668189604642618,0.08386442048848586,0.13317975082532063,0.03280812977869951,0.18637142251394712,0.03528631543879496,0.13043468248462153,0.2860982548370278,0.19000756838677446,0.14112695634416217,0.24072236627410382,0.18409571694236437,0.1891221936534182,0.012422941057061876,0.13253250823392798,0.22942245122395455,0.13375749088964528,0.08646957704121944,0.18891521450299997,0.18017781898676355,0.08330297199347508,0.13510593504917634,0.13665350617469607,0.1903995025296824,0.18775054721668305,0.18454817818775204,0.14066899067453364,0.13985945774719355,0.05985207366534284,0.012213313930235947,0.13819948408038196,0.23841428826196764,0.18841944443623693,0.13752551677042057,0.18697394623323793,0.17779193571153207]","[6558259141944029200,-6519827706492207979,-1787697020924318806,-7127910982678857535,-5689514348135041395,-3053758476054515636,-275996891985298482,-4449451638746570631,3813291251216364378,-6426296163448277232,7608543416564461028,2290963159697502072,3683558055562456249,-1805579144129763790,4778241702977872812,-612363273162309800,-8561279614877221157,7066473579900055901,3929661255539407760,5288285977803471043,4106983771797728294,6533908171011012567,2754950154809653314,-1036720212301831967,-2358117549391268711,2342908286551830517,-4566297727799515222,-1219531945192218391,5791495327156019768,5504972120095964354,2575747478351127802,-6751934818990311731,-98635496371831597,-2436946824332434638,9152743806096520836,-6565403576420288830,-4483877883819184211,-5790495324651377870,5588012943384323324]","[0.0,0.0,0.0,0.0,0.0,0.0,0.0,0.0,0.0,0.0,0.0,0.0,0.0,0.0,0.0,0.0,0.0,0.0,0.0,0.0,0.0,0.0,0.0,0.0,0.0,0.0,0.0,0.0,0.0,0.0,0.0,0.0,0.0,0.0,0.0,0.0,0.0,0.0,0.0]","[8.383601427813748,8.383601427813748,8.383601427813748,8.383601427813748,8.383601427813748,8.383601427813748,8.383601427813748,8.383601427813748,8.383601427813748,8.383601427813748,8.383601427813748,8.383601427813748,8.383601427813748,8.383601427813748,8.383601427813748,8.383601427813748,8.383601427813748,8.383601427813748,8.383601427813748,8.383601427813748,8.383601427813748,8.383601427813748,8.383601427813748,8.383601427813748,8.383601427813748,8.383601427813748,8.383601427813748,8.383601427813748,8.383601427813748,8.383601427813748,8.383601427813748,8.383601427813748,8.383601427813748,8.383601427813748,8.383601427813748,8.383601427813748,8.383601427813748,8.383601427813748,8.383601427813748]","[100,100,100,100,100,100,100,100,100,100,100,100,100,100,100,100,100,100,100,100,100,100,100,100,100,100,100,100,100,100,100,100,100,100,100,100,100,100,100]","[20,20,20,20,20,20,20,20,20,20,20,20,20,20,20,20,20,20,20,20,20,20,20,20,20,20,20,20,20,20,20,20,20,20,20,20,20,20,20]"
7200,7200,0.2598785965503709,0.1,10.0,0.0,-2.4553299224051583,5.0,random,1.1724122601253217E-4,0.004322709163346372,1,"[0.1]","[5.0]","[0.2598785965503709]","[500]","[0.004322709163346372]","[10.0]","[200]","[random]","[1.1724122601253217E-4]","[-3813442714360272539]","[0.0]","[-2.4553299224051583]","[100]","[20]"
7200,7200,0.2599860788433008,0.9,9.809210887685431,5.0,-2.1372097418690803,1.2645532281971255,proximity,0.3342092661040569,9.96015936253758E-5,1,"[0.9]","[1.2645532281971255]","[0.2599860788433008]","[500]","[9.96015936253758E-5]","[9.809210887685431]","[200]","[proximity]","[0.3342092661040569]","[-468714005908018398]","[5.0]","[-2.1372097418690803]","[100]","[20]"
7200,7200,0.41912625810483517,0.9,3.3675531212050576,0.0,-8.364626421772655,0.4300289802799259,proximity,0.14104618313315498,0.298406374501992,32,"[0.9,0.9,0.9,0.9,0.9,0.9,0.9,0.9,0.9,0.9,0.9,0.9,0.9,0.9,0.9,0.9,0.9,0.9,0.9,0.9,0.9,0.9,0.9,0.9,0.9,0.9,0.9,0.9,0.9,0.9,0.9,0.9]","[0.4300289802799259,0.4300289802799259,0.4300289802799259,0.4300289802799259,0.4300289802799259,0.4300289802799259,0.4300289802799259,0.4300289802799259,0.4300289802799259,0.4300289802799259,0.4300289802799259,0.4300289802799259,0.4300289802799259,0.4300289802799259,0.4300289802799259,0.4300289802799259,0.4300289802799259,0.4300289802799259,0.4300289802799259,0.4300289802799259,0.4300289802799259,0.4300289802799259,0.4300289802799259,0.4300289802799259,0.4300289802799259,0.4300289802799259,0.4300289802799259,0.4300289802799259,0.4300289802799259,0.4300289802799259,0.4300289802799259,0.4300289802799259]","[0.41912625810483517,0.41912625810483517,0.41912625810483517,0.41912625810483517,0.41912625810483517,0.41912625810483517,0.41912625810483517,0.41912625810483517,0.41912625810483517,0.41912625810483517,0.41912625810483517,0.41912625810483517,0.41912625810483517,0.41912625810483517,0.41912625810483517,0.41912625810483517,0.41912625810483517,0.41912625810483517,0.41912625810483517,0.41912625810483517,0.41912625810483517,0.41912625810483517,0.41912625810483517,0.41912625810483517,0.41912625810483517,0.41912625810483517,0.41912625810483517,0.41912625810483517,0.41912625810483517,0.41912625810483517,0.41912625810483517,0.41912625810483517]","[500,500,500,500,500,500,500,500,500,500,500,500,500,500,500,500,500,500,500,500,500,500,500,500,500,500,500,500,500,500,500,500]","[0.2918525896414341,0.29217131474103575,0.2940836653386453,0.2983466135458165,0.3020119521912352,0.30332669322709127,0.3085059760956179,0.2922908366533863,0.29197211155378455,0.3009760956175296,0.2981872509960164,0.2986254980079681,0.30336653386454193,0.30416334661354616,0.2958366533864545,0.2986254980079678,0.2966733067729085,0.29480079681274884,0.3029681274900399,0.29846613545816747,0.2933665338645418,0.3039243027888445,0.30241035856573706,0.29739043824701183,0.2999003984063747,0.29926294820717136,0.29077689243027904,0.29551792828685286,0.29324701195219094,0.30256972111553804,0.2988247011952191,0.2956374501992033]","[3.3675531212050576,3.3675531212050576,3.3675531212050576,3.3675531212050576,3.3675531212050576,3.3675531212050576,3.3675531212050576,3.3675531212050576,3.3675531212050576,3.3675531212050576,3.3675531212050576,3.3675531212050576,3.3675531212050576,3.3675531212050576,3.3675531212050576,3.3675531212050576,3.3675531212050576,3.3675531212050576,3.3675531212050576,3.3675531212050576,3.3675531212050576,3.3675531212050576,3.3675531212050576,3.3675531212050576,3.3675531212050576,3.3675531212050576,3.3675531212050576,3.3675531212050576,3.3675531212050576,3.3675531212050576,3.3675531212050576,3.3675531212050576]","[200,200,200,200,200,200,200,200,200,200,200,200,200,200,200,200,200,200,200,200,200,200,200,200,200,200,200,200,200,200,200,200]","[proximity,proximity,proximity,proximity,proximity,proximity,proximity,proximity,proximity,proximity,proximity,proximity,proximity,proximity,proximity,proximity,proximity,proximity,proximity,proximity,proximity,proximity,proximity,proximity,proximity,proximity,proximity,proximity,proximity,proximity,proximity,proximity]","[0.1128080516709069,0.13572571001387662,0.13491281660764454,0.17111032602260823,0.1256178017413972,0.18806332119669966,0.1785682846361043,0.11417336277808571,0.13790253874411018,0.13118888494355307,0.15896113615474805,0.17987764709184084,0.14418982752219978,0.19270179325598158,0.21667515700656137,0.1532608662508772,0.230246846188076,0.09828193755180048,0.11013331286051503,0.22424174183603585,0.11448533165852154,0.16934969327938632,0.15698214393435694,0.16394415093121328,0.13753645072823517,0.10476081661630304,0.12103610160908218,0.20799148913656662,0.12954357404627648,0.11314833428181897,0.12942972837348377,0.1826409097404511]","[3827886421301108980,-4622378830215235879,3980903804233005783,2305475759991532726,587663889404080770,-5615494552346382267,994762568036557549,-7902591670271988115,6730877132790707334,-407260817912876519,-2850609784021437922,-3525331124662750568,-2249148691293656595,-6718739143823544292,-377285329587882292,3847570592867792835,-7735168876428674745,-1079913921763395064,-3426827083068817586,-2507996162647508862,-4725363492973697305,-1702068703897076473,-7271373300898124635,-3351321853767368761,-206633524538001021,-4900656449911118601,3458365915282976491,7108367363556355559,-5941079251991027036,2643909176381944663,-172022298039932567,-8845218127425260726]","[0.0,0.0,0.0,0.0,0.0,0.0,0.0,0.0,0.0,0.0,0.0,0.0,0.0,0.0,0.0,0.0,0.0,0.0,0.0,0.0,0.0,0.0,0.0,0.0,0.0,0.0,0.0,0.0,0.0,0.0,0.0,0.0]","[-8.364626421772655,-8.364626421772655,-8.364626421772655,-8.364626421772655,-8.364626421772655,-8.364626421772655,-8.364626421772655,-8.364626421772655,-8.364626421772655,-8.364626421772655,-8.364626421772655,-8.364626421772655,-8.364626421772655,-8.364626421772655,-8.364626421772655,-8.364626421772655,-8.364626421772655,-8.364626421772655,-8.364626421772655,-8.364626421772655,-8.364626421772655,-8.364626421772655,-8.364626421772655,-8.364626421772655,-8.364626421772655,-8.364626421772655,-8.364626421772655,-8.364626421772655,-8.364626421772655,-8.364626421772655,-8.364626421772655,-8.364626421772655]","[100,100,100,100,100,100,100,100,100,100,100,100,100,100,100,100,100,100,100,100,100,100,100,100,100,100,100,100,100,100,100,100]","[20,20,20,20,20,20,20,20,20,20,20,20,20,20,20,20,20,20,20,20,20,20,20,20,20,20,20,20,20,20,20,20]"
7200,7200,0.25947373060099876,0.1,9.860499498991441,0.0,-1.7045185945755712,4.8610731381383125,random,0.002858758889360574,0.00448207171314742,4,"[0.1,0.1,0.1,0.1]","[4.8610731381383125,4.8610731381383125,4.8610731381383125,4.8610731381383125]","[0.25947373060099876,0.25947373060099876,0.25947373060099876,0.25947373060099876]","[500,500,500,500]","[0.007270916334661398,0.0016932270916334424,4.980079681274341E-4,0.008745019920318758]","[9.860499498991441,9.860499498991441,9.860499498991441,9.860499498991441]","[200,200,200,200]","[random,random,random,random]","[0.001555726097225818,0.0013180880058248357,0.00416179168149533,0.015736965152491678]","[1904162138618406699,-4162650465357484485,6842356370318273599,-142844257517715560]","[0.0,0.0,0.0,0.0]","[-1.7045185945755712,-1.7045185945755712,-1.7045185945755712,-1.7045185945755712]","[100,100,100,100]","[20,20,20,20]"
7200,7200,0.2588125047768324,0.9,-0.6735245123064555,5.0,-3.1161503800077908,2.157506159119433,random,0.29506804001693143,0.005956175298804739,31,"[0.9,0.9,0.9,0.9,0.9,0.9,0.9,0.9,0.9,0.9,0.9,0.9,0.9,0.9,0.9,0.9,0.9,0.9,0.9,0.9,0.9,0.9,0.9,0.9,0.9,0.9,0.9,0.9,0.9,0.9,0.9]","[2.157506159119433,2.157506159119433,2.157506159119433,2.157506159119433,2.157506159119433,2.157506159119433,2.157506159119433,2.157506159119433,2.157506159119433,2.157506159119433,2.157506159119433,2.157506159119433,2.157506159119433,2.157506159119433,2.157506159119433,2.157506159119433,2.157506159119433,2.157506159119433,2.157506159119433,2.157506159119433,2.157506159119433,2.157506159119433,2.157506159119433,2.157506159119433,2.157506159119433,2.157506159119433,2.157506159119433,2.157506159119433,2.157506159119433,2.157506159119433,2.157506159119433]","[0.2588125047768324,0.2588125047768324,0.2588125047768324,0.2588125047768324,0.2588125047768324,0.2588125047768324,0.2588125047768324,0.2588125047768324,0.2588125047768324,0.2588125047768324,0.2588125047768324,0.2588125047768324,0.2588125047768324,0.2588125047768324,0.2588125047768324,0.2588125047768324,0.2588125047768324,0.2588125047768324,0.2588125047768324,0.2588125047768324,0.2588125047768324,0.2588125047768324,0.2588125047768324,0.2588125047768324,0.2588125047768324,0.2588125047768324,0.2588125047768324,0.2588125047768324,0.2588125047768324,0.2588125047768324,0.2588125047768324]","[500,500,500,500,500,500,500,500,500,500,500,500,500,500,500,500,500,500,500,500,500,500,500,500,500,500,500,500,500,500,500]","[0.007868525896414486,0.005478087649402386,0.009541832669322736,0.003087649402390369,0.0057569721115537376,0.005996015936255011,0.005318725099601629,0.007749003984063724,0.004521912350597651,0.007589641434262745,0.004561752988047674,0.002171314741035768,0.013486055776892325,0.020338645418326834,0.0027290836653386663,0.0019322709163346607,0.006314741035856664,0.014760956175298906,0.00858565737051803,0.0063147410358565526,0.004641434262948135,0.005677290836653304,0.001533864541832658,0.0034462151394422935,0.02292828685258963,0.005956175298804739,0.004601593625497891,0.008944223107569788,0.0022908366533864744,0.009900398406374356,0.011215139442231153]","[-0.6735245123064555,-0.6735245123064555,-0.6735245123064555,-0.6735245123064555,-0.6735245123064555,-0.6735245123064555,-0.6735245123064555,-0.6735245123064555,-0.6735245123064555,-0.6735245123064555,-0.6735245123064555,-0.6735245123064555,-0.6735245123064555,-0.6735245123064555,-0.6735245123064555,-0.6735245123064555,-0.6735245123064555,-0.6735245123064555,-0.6735245123064555,-0.6735245123064555,-0.6735245123064555,-0.6735245123064555,-0.6735245123064555,-0.6735245123064555,-0.6735245123064555,-0.6735245123064555,-0.6735245123064555,-0.6735245123064555,-0.6735245123064555,-0.6735245123064555,-0.6735245123064555]","[200,200,200,200,200,200,200,200,200,200,200,200,200,200,200,200,200,200,200,200,200,200,200,200,200,200,200,200,200,200,200]","[random,random,random,random,random,random,random,random,random,random,random,random,random,random,random,random,random,random,random,random,random,random,random,random,random,random,random,random,random,random,random]","[0.31725225088648923,0.2405869816421079,0.3144245095517585,0.3000447147432568,0.2717568166117975,0.2696981147093317,0.35292595000548177,0.287443372025736,0.2989733508092538,0.3033104080463309,0.2891720912050332,0.2590360683150018,0.29798087709497967,0.29506804001693143,0.30845764586401947,0.330137186314584,0.26310616560172373,0.2778129808383504,0.30588888431867367,0.29301331635640215,0.3232722421962606,0.32598973951676224,0.26658692186434774,0.2636161695886907,0.31981236495814114,0.3364993581984361,0.29886590881758157,0.25481600447737063,0.26482771415818707,0.27980140160479006,0.27598926155184933]","[5833160966617118163,-5302319606078327349,7011838574339274893,-3774577539715718859,1183234348550930010,-5300842965386613126,-2960032561264906777,848216715360904352,-8994889844097997010,8369756147228981019,7080916101576407377,7296052346499311972,8876785603602202122,-933259908572598544,-5409500101925723649,7187340015543987131,-7444710228771817018,-6258789155876654630,-1802332447022368573,3420952642519867439,-8022756802930335041,-5459348165910153341,691596759246153720,-6967307386959938740,8406322578346190827,7165846903578698799,4962741794108419645,8241407115556306440,4541425120147285940,-6751943389114719699,249319674933096443]","[5.0,5.0,5.0,5.0,5.0,5.0,5.0,5.0,5.0,5.0,5.0,5.0,5.0,5.0,5.0,5.0,5.0,5.0,5.0,5.0,5.0,5.0,5.0,5.0,5.0,5.0,5.0,5.0,5.0,5.0,5.0]","[-3.1161503800077908,-3.1161503800077908,-3.1161503800077908,-3.1161503800077908,-3.1161503800077908,-3.1161503800077908,-3.1161503800077908,-3.1161503800077908,-3.1161503800077908,-3.1161503800077908,-3.1161503800077908,-3.1161503800077908,-3.1161503800077908,-3.1161503800077908,-3.1161503800077908,-3.1161503800077908,-3.1161503800077908,-3.1161503800077908,-3.1161503800077908,-3.1161503800077908,-3.1161503800077908,-3.1161503800077908,-3.1161503800077908,-3.1161503800077908,-3.1161503800077908,-3.1161503800077908,-3.1161503800077908,-3.1161503800077908,-3.1161503800077908,-3.1161503800077908,-3.1161503800077908]","[100,100,100,100,100,100,100,100,100,100,100,100,100,100,100,100,100,100,100,100,100,100,100,100,100,100,100,100,100,100,100]","[20,20,20,20,20,20,20,20,20,20,20,20,20,20,20,20,20,20,20,20,20,20,20,20,20,20,20,20,20,20,20]"
7200,7200,0.25894398196566576,0.1,1.3903491882133512,5.0,-2.780748010931566,2.182380682568435,random,0.021719003611008647,0.001772908366533793,7,"[0.1,0.1,0.1,0.1,0.1,0.1,0.1]","[2.182380682568435,2.182380682568435,2.182380682568435,2.182380682568435,2.182380682568435,2.182380682568435,2.182380682568435]","[0.25894398196566576,0.25894398196566576,0.25894398196566576,0.25894398196566576,0.25894398196566576,0.25894398196566576,0.25894398196566576]","[500,500,500,500,500,500,500]","[1.3944223107550946E-4,8.167330677290863E-4,0.0056772908366534425,0.008784860557769059,0.001772908366533793,0.018585657370517955,4.980079681273508E-4]","[1.3903491882133512,1.3903491882133512,1.3903491882133512,1.3903491882133512,1.3903491882133512,1.3903491882133512,1.3903491882133512]","[200,200,200,200,200,200,200]","[random,random,random,random,random,random,random]","[0.006906438567295614,0.0130279504626451,0.012840962538531009,0.02880638989346551,0.021719003611008647,0.0678686620977324,0.050994913218477655]","[-7254208160781814463,1953397341880399236,-451334057485785666,6036064408744866176,1858393755807755621,2334182190113273174,-2247521257566329668]","[5.0,5.0,5.0,5.0,5.0,5.0,5.0]","[-2.780748010931566,-2.780748010931566,-2.780748010931566,-2.780748010931566,-2.780748010931566,-2.780748010931566,-2.780748010931566]","[100,100,100,100,100,100,100]","[20,20,20,20,20,20,20]"
7200,7200,0.28557553534499813,0.1,10.0,0.0,-1.415310216557657,4.26972601729231,random,0.00885587999312304,0.07332669322709165,8,"[0.1,0.1,0.1,0.1,0.1,0.1,0.1,0.1]","[4.26972601729231,4.26972601729231,4.26972601729231,4.26972601729231,4.26972601729231,4.26972601729231,4.26972601729231,4.26972601729231]","[0.28557553534499813,0.28557553534499813,0.28557553534499813,0.28557553534499813,0.28557553534499813,0.28557553534499813,0.28557553534499813,0.28557553534499813]","[500,500,500,500,500,500,500,500]","[0.07292828685258976,0.07420318725099609,0.061573705179283095,0.06894422310756962,0.07372509960159354,0.08249003984063766,0.08416334661354588,0.06448207171314749]","[10.0,10.0,10.0,10.0,10.0,10.0,10.0,10.0]","[200,200,200,200,200,200,200,200]","[random,random,random,random,random,random,random,random]","[0.0025204405938611396,0.007847748656931774,0.014733435517167104,0.007506324350772531,0.03392083538767482,0.008882914374131134,0.023124508488104656,0.008828845612114944]","[5723402938568652058,-2793024833694520078,7482034382259109445,5411007789403717125,6619312472876755564,6659432624400673278,-8896658857973338703,-3543533169065608764]","[0.0,0.0,0.0,0.0,0.0,0.0,0.0,0.0]","[-1.415310216557657,-1.415310216557657,-1.415310216557657,-1.415310216557657,-1.415310216557657,-1.415310216557657,-1.415310216557657,-1.415310216557657]","[100,100,100,100,100,100,100,100]","[20,20,20,20,20,20,20,20]"
7200,7200,0.2571578094590174,0.1,-2.2933595283663664,0.0,-4.854577483747297,2.546698474252922,proximity,0.3161261426878631,0.005159362549800817,19,"[0.1,0.1,0.1,0.1,0.1,0.1,0.1,0.1,0.1,0.1,0.1,0.1,0.1,0.1,0.1,0.1,0.1,0.1,0.1]","[2.546698474252922,2.546698474252922,2.546698474252922,2.546698474252922,2.546698474252922,2.546698474252922,2.546698474252922,2.546698474252922,2.546698474252922,2.546698474252922,2.546698474252922,2.546698474252922,2.546698474252922,2.546698474252922,2.546698474252922,2.546698474252922,2.546698474252922,2.546698474252922,2.546698474252922]","[0.2571578094590174,0.2571578094590174,0.2571578094590174,0.2571578094590174,0.2571578094590174,0.2571578094590174,0.2571578094590174,0.2571578094590174,0.2571578094590174,0.2571578094590174,0.2571578094590174,0.2571578094590174,0.2571578094590174,0.2571578094590174,0.2571578094590174,0.2571578094590174,0.2571578094590174,0.2571578094590174,0.2571578094590174]","[500,500,500,500,500,500,500,500,500,500,500,500,500,500,500,500,500,500,500]","[0.0016932270916334702,0.005159362549800817,0.003207171314740881,0.002689243027888505,0.004601593625498029,0.024402390438246907,0.013007968127490083,0.002290836653386502,0.0067529880478088555,0.015239043824701065,0.004601593625498196,0.0024900398406375035,0.002569721115537882,0.005159362549800817,0.009023904382470416,0.011852589641434319,0.011494023904382339,0.007270916334661398,0.006992031872509991]","[-2.2933595283663664,-2.2933595283663664,-2.2933595283663664,-2.2933595283663664,-2.2933595283663664,-2.2933595283663664,-2.2933595283663664,-2.2933595283663664,-2.2933595283663664,-2.2933595283663664,-2.2933595283663664,-2.2933595283663664,-2.2933595283663664,-2.2933595283663664,-2.2933595283663664,-2.2933595283663664,-2.2933595283663664,-2.2933595283663664,-2.2933595283663664]","[200,200,200,200,200,200,200,200,200,200,200,200,200,200,200,200,200,200,200]","[proximity,proximity,proximity,proximity,proximity,proximity,proximity,proximity,proximity,proximity,proximity,proximity,proximity,proximity,proximity,proximity,proximity,proximity,proximity]","[0.05028952870592468,0.3338299064354483,0.3161261426878631,0.37310412734188647,0.34392292615716513,0.18777105969763241,0.3235769359227878,0.14354247039163126,0.32840212020008985,0.12739199321886902,0.3312115351587712,0.33277322055212755,0.27348498242893926,0.24176236597257306,0.24614289532789624,0.2669717115543253,0.25855085937160316,0.3339943215812541,0.36567303402912144]","[-2516204369147091544,-4236860124389725978,145224438045417512,-2020155260139461278,-2482866218505981439,-841870394108462972,-2277740194117600677,-2698336400894415259,-2868758439839585161,-1847828758801730219,2961417591656165772,-2068886400762823995,4454525494141924741,8880704315091433562,-6946259743285530147,-5457784630973746751,6187733094293184952,3616934183668981926,5530576405850500576]","[0.0,0.0,0.0,0.0,0.0,0.0,0.0,0.0,0.0,0.0,0.0,0.0,0.0,0.0,0.0,0.0,0.0,0.0,0.0]","[-4.854577483747297,-4.854577483747297,-4.854577483747297,-4.854577483747297,-4.854577483747297,-4.854577483747297,-4.854577483747297,-4.854577483747297,-4.854577483747297,-4.854577483747297,-4.854577483747297,-4.854577483747297,-4.854577483747297,-4.854577483747297,-4.854577483747297,-4.854577483747297,-4.854577483747297,-4.854577483747297,-4.854577483747297]","[100,100,100,100,100,100,100,100,100,100,100,100,100,100,100,100,100,100,100]","[20,20,20,20,20,20,20,20,20,20,20,20,20,20,20,20,20,20,20]"
7200,7200,0.2547988266837633,0.1,9.38221262846902,0.0,-1.447224867536887,4.187414021066588,random,0.07381603751092786,1.3944223107578702E-4,1,"[0.1]","[4.187414021066588]","[0.2547988266837633]","[500]","[1.3944223107578702E-4]","[9.38221262846902]","[200]","[random]","[0.07381603751092786]","[4151534637162637349]","[0.0]","[-1.447224867536887]","[100]","[20]"
7200,7200,0.2510498560058796,0.1,5.28838124625484,0.0,4.892771018659177,4.96874101543228,proximity,0.15477950013744202,0.022729083665338656,28,"[0.1,0.1,0.1,0.1,0.1,0.1,0.1,0.1,0.1,0.1,0.1,0.1,0.1,0.1,0.1,0.1,0.1,0.1,0.1,0.1,0.1,0.1,0.1,0.1,0.1,0.1,0.1,0.1]","[4.96874101543228,4.96874101543228,4.96874101543228,4.96874101543228,4.96874101543228,4.96874101543228,4.96874101543228,4.96874101543228,4.96874101543228,4.96874101543228,4.96874101543228,4.96874101543228,4.96874101543228,4.96874101543228,4.96874101543228,4.96874101543228,4.96874101543228,4.96874101543228,4.96874101543228,4.96874101543228,4.96874101543228,4.96874101543228,4.96874101543228,4.96874101543228,4.96874101543228,4.96874101543228,4.96874101543228,4.96874101543228]","[0.2510498560058796,0.2510498560058796,0.2510498560058796,0.2510498560058796,0.2510498560058796,0.2510498560058796,0.2510498560058796,0.2510498560058796,0.2510498560058796,0.2510498560058796,0.2510498560058796,0.2510498560058796,0.2510498560058796,0.2510498560058796,0.2510498560058796,0.2510498560058796,0.2510498560058796,0.2510498560058796,0.2510498560058796,0.2510498560058796,0.2510498560058796,0.2510498560058796,0.2510498560058796,0.2510498560058796,0.2510498560058796,0.2510498560058796,0.2510498560058796,0.2510498560058796]","[500,500,500,500,500,500,500,500,500,500,500,500,500,500,500,500,500,500,500,500,500,500,500,500,500,500,500,500]","[0.00743027888446221,0.022131474103585624,0.03033864541832687,0.031892430278884526,0.03587649402390447,0.016952191235059783,0.017111553784860595,0.02045816733067715,0.03575697211155371,0.00878486055776892,0.023167330677290793,0.03571713147410366,0.02675298804780879,0.030737051792828762,0.010458167330677504,0.006912350597609723,0.02739043824701204,0.034163346613545836,0.010418326693227092,0.040139442231075795,0.018187250996016063,0.02229083665338652,0.026195219123505947,0.021374501992031836,0.020458167330677207,0.01774900398406362,0.0388645418326693,0.03073705179282865]","[5.28838124625484,5.28838124625484,5.28838124625484,5.28838124625484,5.28838124625484,5.28838124625484,5.28838124625484,5.28838124625484,5.28838124625484,5.28838124625484,5.28838124625484,5.28838124625484,5.28838124625484,5.28838124625484,5.28838124625484,5.28838124625484,5.28838124625484,5.28838124625484,5.28838124625484,5.28838124625484,5.28838124625484,5.28838124625484,5.28838124625484,5.28838124625484,5.28838124625484,5.28838124625484,5.28838124625484,5.28838124625484]","[200,200,200,200,200,200,200,200,200,200,200,200,200,200,200,200,200,200,200,200,200,200,200,200,200,200,200,200]","[proximity,proximity,proximity,proximity,proximity,proximity,proximity,proximity,proximity,proximity,proximity,proximity,proximity,proximity,proximity,proximity,proximity,proximity,proximity,proximity,proximity,proximity,proximity,proximity,proximity,proximity,proximity,proximity]","[0.12025137749799253,0.09266157291351951,0.19292358885601224,0.21786672881301505,0.10289111711525473,0.10354830700468726,0.2561375434642138,0.17725033471546492,0.15547457773319273,0.0013152231829285932,0.2390887134778431,9.842083710631666E-6,0.1540844225416913,0.19828576388636843,0.2798585509500653,0.30809769360001427,0.06349053674533639,0.2429210338139166,0.21841185429597054,0.13393061273995244,0.17051619580281563,0.2049230285976089,0.09793312514639513,0.06376903379248972,0.07527455514611914,0.04873862647244509,0.26046522596974686,0.07371429701697263]","[-3656919873614075147,-736790451852828251,-1157737261112018110,9159745235375830613,-4194382594988103063,2397720860070329753,706651374138340416,7256012811290263043,5696783475174679796,4591703832184006714,-2989338207260069623,1307758537066822086,-4206295812495132389,702869660572102048,-3822536074573040633,-6673135771584250165,-7620425838946566838,7773332514420143447,3624748563999334772,-8133841563058947119,-4974113643893639090,-278721279050632878,-3080308464712172795,1550325289885252560,-8676870351002258239,-2765358498210635351,-4935941498671978459,-5032470745044305825]","[0.0,0.0,0.0,0.0,0.0,0.0,0.0,0.0,0.0,0.0,0.0,0.0,0.0,0.0,0.0,0.0,0.0,0.0,0.0,0.0,0.0,0.0,0.0,0.0,0.0,0.0,0.0,0.0]","[4.892771018659177,4.892771018659177,4.892771018659177,4.892771018659177,4.892771018659177,4.892771018659177,4.892771018659177,4.892771018659177,4.892771018659177,4.892771018659177,4.892771018659177,4.892771018659177,4.892771018659177,4.892771018659177,4.892771018659177,4.892771018659177,4.892771018659177,4.892771018659177,4.892771018659177,4.892771018659177,4.892771018659177,4.892771018659177,4.892771018659177,4.892771018659177,4.892771018659177,4.892771018659177,4.892771018659177,4.892771018659177]","[100,100,100,100,100,100,100,100,100,100,100,100,100,100,100,100,100,100,100,100,100,100,100,100,100,100,100,100]","[20,20,20,20,20,20,20,20,20,20,20,20,20,20,20,20,20,20,20,20,20,20,20,20,20,20,20,20]"
7200,7200,0.2587468291625111,0.9,0.8351668744928542,5.0,-3.1132080691275386,1.6386466492055978,random,0.014150279305660901,0.007629482071713059,12,"[0.9,0.9,0.9,0.9,0.9,0.9,0.9,0.9,0.9,0.9,0.9,0.9]","[1.6386466492055978,1.6386466492055978,1.6386466492055978,1.6386466492055978,1.6386466492055978,1.6386466492055978,1.6386466492055978,1.6386466492055978,1.6386466492055978,1.6386466492055978,1.6386466492055978,1.6386466492055978]","[0.2587468291625111,0.2587468291625111,0.2587468291625111,0.2587468291625111,0.2587468291625111,0.2587468291625111,0.2587468291625111,0.2587468291625111,0.2587468291625111,0.2587468291625111,0.2587468291625111,0.2587468291625111]","[500,500,500,500,500,500,500,500,500,500,500,500]","[0.008466135458167351,0.008067729083665348,0.015677290836653285,0.006553784860557771,0.00754980079681275,0.0010159362549799211,0.0051195219123506275,8.964143426293536E-4,0.0015737051792828194,0.014601593625498038,0.007709163346613368,0.012011952191235076]","[0.8351668744928542,0.8351668744928542,0.8351668744928542,0.8351668744928542,0.8351668744928542,0.8351668744928542,0.8351668744928542,0.8351668744928542,0.8351668744928542,0.8351668744928542,0.8351668744928542,0.8351668744928542]","[200,200,200,200,200,200,200,200,200,200,200,200]","[random,random,random,random,random,random,random,random,random,random,random,random]","[0.01604733537527192,0.012253223236049882,7.515095273978312E-4,0.020164187187232063,0.06488749496658247,0.061211051224929036,0.008879318389996171,0.011012650848536587,0.009585324699682818,0.0052285529780981,0.023423245648531488,0.09162440102752051]","[-4419645570910176945,6367432618353373440,-4414004346488931373,-1846288908247487434,2058604313626360208,5145461750553753290,5482280826401465529,2097920777985866892,-1788735115317592505,2264231862709301699,-264249881567414696,-2364627559127504906]","[5.0,5.0,5.0,5.0,5.0,5.0,5.0,5.0,5.0,5.0,5.0,5.0]","[-3.1132080691275386,-3.1132080691275386,-3.1132080691275386,-3.1132080691275386,-3.1132080691275386,-3.1132080691275386,-3.1132080691275386,-3.1132080691275386,-3.1132080691275386,-3.1132080691275386,-3.1132080691275386,-3.1132080691275386]","[100,100,100,100,100,100,100,100,100,100,100,100]","[20,20,20,20,20,20,20,20,20,20,20,20]"
7200,7200,0.2567329653945026,0.9,-3.1913450697410726,0.0,-4.277520353857602,2.1481286323682114,random,0.16916209923095016,0.007629482071713156,35,"[0.9,0.9,0.9,0.9,0.9,0.9,0.9,0.9,0.9,0.9,0.9,0.9,0.9,0.9,0.9,0.9,0.9,0.9,0.9,0.9,0.9,0.9,0.9,0.9,0.9,0.9,0.9,0.9,0.9,0.9,0.9,0.9,0.9,0.9,0.9]","[2.1481286323682114,2.1481286323682114,2.1481286323682114,2.1481286323682114,2.1481286323682114,2.1481286323682114,2.1481286323682114,2.1481286323682114,2.1481286323682114,2.1481286323682114,2.1481286323682114,2.1481286323682114,2.1481286323682114,2.1481286323682114,2.1481286323682114,2.1481286323682114,2.1481286323682114,2.1481286323682114,2.1481286323682114,2.1481286323682114,2.1481286323682114,2.1481286323682114,2.1481286323682114,2.1481286323682114,2.1481286323682114,2.1481286323682114,2.1481286323682114,2.1481286323682114,2.1481286323682114,2.1481286323682114,2.1481286323682114,2.1481286323682114,2.1481286323682114,2.1481286323682114,2.1481286323682114]","[0.2567329653945026,0.2567329653945026,0.2567329653945026,0.2567329653945026,0.2567329653945026,0.2567329653945026,0.2567329653945026,0.2567329653945026,0.2567329653945026,0.2567329653945026,0.2567329653945026,0.2567329653945026,0.2567329653945026,0.2567329653945026,0.2567329653945026,0.2567329653945026,0.2567329653945026,0.2567329653945026,0.2567329653945026,0.2567329653945026,0.2567329653945026,0.2567329653945026,0.2567329653945026,0.2567329653945026,0.2567329653945026,0.2567329653945026,0.2567329653945026,0.2567329653945026,0.2567329653945026,0.2567329653945026,0.2567329653945026,0.2567329653945026,0.2567329653945026,0.2567329653945026,0.2567329653945026]","[500,500,500,500,500,500,500,500,500,500,500,500,500,500,500,500,500,500,500,500,500,500,500,500,500,500,500,500,500,500,500,500,500,500,500]","[0.002928286852589751,0.007111553784860503,0.0026494023904383435,0.004840637450199081,0.021812749003984166,0.007629482071713156,0.0139243027888446,0.007270916334661259,0.012888446215139543,0.008306772908366511,0.018227091633466308,0.01695219123505981,0.013127490039840595,0.004960159362549871,0.015876494023904425,0.00563745019920317,0.008585657370517974,0.006394422310756792,0.005398406374502007,0.0084661354581676,0.0018127490039841487,0.010697211155378472,0.012290836653386567,0.0016533864541831977,0.01707171314741035,0.008824701195219248,3.7848605577686656E-4,0.02268924302788844,0.004083665338645431,0.0016932270916335534,0.011533864541832695,6.175298804781404E-4,0.012609561752988219,0.007231075697211126,0.001693227091633498]","[-3.1913450697410726,-3.1913450697410726,-3.1913450697410726,-3.1913450697410726,-3.1913450697410726,-3.1913450697410726,-3.1913450697410726,-3.1913450697410726,-3.1913450697410726,-3.1913450697410726,-3.1913450697410726,-3.1913450697410726,-3.1913450697410726,-3.1913450697410726,-3.1913450697410726,-3.1913450697410726,-3.1913450697410726,-3.1913450697410726,-3.1913450697410726,-3.1913450697410726,-3.1913450697410726,-3.1913450697410726,-3.1913450697410726,-3.1913450697410726,-3.1913450697410726,-3.1913450697410726,-3.1913450697410726,-3.1913450697410726,-3.1913450697410726,-3.1913450697410726,-3.1913450697410726,-3.1913450697410726,-3.1913450697410726,-3.1913450697410726,-3.1913450697410726]","[200,200,200,200,200,200,200,200,200,200,200,200,200,200,200,200,200,200,200,200,200,200,200,200,200,200,200,200,200,200,200,200,200,200,200]","[random,random,random,random,random,random,random,random,random,random,random,random,random,random,random,random,random,random,random,random,random,random,random,random,random,random,random,random,random,random,random,random,random,random,random]","[0.224141036973171,0.1910928253914631,0.25244065765137524,0.13221281341423363,0.1822814273956076,0.19030085026561128,0.20051583230191916,0.1450965740431327,0.19971796297804723,0.22377717731599456,0.14109608208878444,0.2219408556493656,0.17905472716484427,0.11447771984210336,0.18428753527183583,0.24614898809328556,0.16913617356424637,0.11544506272893457,0.28282952675530193,0.14378240065288483,0.1398571570301077,0.22025386767521393,0.1607361891445528,0.21395272666571108,0.1073665085308072,0.19637635432870482,0.16442326721592881,0.16916209923095016,0.16755603171101008,0.11854204294788923,0.1746548066297432,0.161116294217028,0.14583262389492868,0.15719645939465654,0.15566777082854177]","[-8835636811458792110,7424697689639430580,2094064077312172460,-2146876253062582809,7133557959658780674,-4351565924318336335,3499776570302473072,-4372066621457325780,8109321042321224133,-7423214218240083262,3070407645904843081,-2225433299017057708,5977799312993366491,-3756036916335396715,5508052318191889827,-8595430917682218657,-107210578980427291,1594589629066104,2151200453045890537,7089813773385052303,782527627205452217,-3626188402130110566,2968790401027290519,4212814968201192954,-5644653557752716565,-6210616069921492412,4944279585719985060,2934306770839616719,6348593718105190313,7749417005640262781,-2658500823227353536,7990203636392311558,1986123907377274924,-5593558908246246203,-7152355505807771749]","[0.0,0.0,0.0,0.0,0.0,0.0,0.0,0.0,0.0,0.0,0.0,0.0,0.0,0.0,0.0,0.0,0.0,0.0,0.0,0.0,0.0,0.0,0.0,0.0,0.0,0.0,0.0,0.0,0.0,0.0,0.0,0.0,0.0,0.0,0.0]","[-4.277520353857602,-4.277520353857602,-4.277520353857602,-4.277520353857602,-4.277520353857602,-4.277520353857602,-4.277520353857602,-4.277520353857602,-4.277520353857602,-4.277520353857602,-4.277520353857602,-4.277520353857602,-4.277520353857602,-4.277520353857602,-4.277520353857602,-4.277520353857602,-4.277520353857602,-4.277520353857602,-4.277520353857602,-4.277520353857602,-4.277520353857602,-4.277520353857602,-4.277520353857602,-4.277520353857602,-4.277520353857602,-4.277520353857602,-4.277520353857602,-4.277520353857602,-4.277520353857602,-4.277520353857602,-4.277520353857602,-4.277520353857602,-4.277520353857602,-4.277520353857602,-4.277520353857602]","[100,100,100,100,100,100,100,100,100,100,100,100,100,100,100,100,100,100,100,100,100,100,100,100,100,100,100,100,100,100,100,100,100,100,100]","[20,20,20,20,20,20,20,20,20,20,20,20,20,20,20,20,20,20,20,20,20,20,20,20,20,20,20,20,20,20,20,20,20,20,20]"
7200,7200,0.2594033832405405,0.9,9.716458027850056,0.0,-1.808548223945225,5.0,random,0.15023408962625096,0.0029681274900397736,16,"[0.9,0.9,0.9,0.9,0.9,0.9,0.9,0.9,0.9,0.9,0.9,0.9,0.9,0.9,0.9,0.9]","[5.0,5.0,5.0,5.0,5.0,5.0,5.0,5.0,5.0,5.0,5.0,5.0,5.0,5.0,5.0,5.0]","[0.2594033832405405,0.2594033832405405,0.2594033832405405,0.2594033832405405,0.2594033832405405,0.2594033832405405,0.2594033832405405,0.2594033832405405,0.2594033832405405,0.2594033832405405,0.2594033832405405,0.2594033832405405,0.2594033832405405,0.2594033832405405,0.2594033832405405,0.2594033832405405]","[500,500,500,500,500,500,500,500,500,500,500,500,500,500,500,500]","[1.9920318725163977E-5,0.0020119521912351224,0.00671314741035875,0.0013346613545817398,0.0017330677290835206,9.960159362579213E-5,0.009940239043824628,0.016075697211155426,0.013087649402390295,0.002250996015936091,0.0019721115537849054,0.010896414342629362,0.01336653386454173,0.0036852589641434563,7.370517928286524E-4,0.009541832669322625]","[9.716458027850056,9.716458027850056,9.716458027850056,9.716458027850056,9.716458027850056,9.716458027850056,9.716458027850056,9.716458027850056,9.716458027850056,9.716458027850056,9.716458027850056,9.716458027850056,9.716458027850056,9.716458027850056,9.716458027850056,9.716458027850056]","[200,200,200,200,200,200,200,200,200,200,200,200,200,200,200,200]","[random,random,random,random,random,random,random,random,random,random,random,random,random,random,random,random]","[0.18138179895739792,0.162361748671646,0.20669422952193617,0.20867539106407862,0.22837832267134373,0.1329723306440872,0.14346581886215237,0.1544419390320324,0.17113086822252555,0.1460262402204695,0.13164682793499632,0.17594323041302784,0.14406048980620134,0.10716053197394276,0.11479641279466185,0.06793539877021354]","[-238307822706022742,-3674988243638373425,-656266802558748974,6853580243194462025,-5540362739911613656,980125872327538396,-8831332155367611801,-968915765907084443,8306460210804866648,917059300626578126,-8645866415042741304,-256224484440100286,-4768826222370934451,-5388867289872652433,-569853634767047668,-2932940679482984440]","[0.0,0.0,0.0,0.0,0.0,0.0,0.0,0.0,0.0,0.0,0.0,0.0,0.0,0.0,0.0,0.0]","[-1.808548223945225,-1.808548223945225,-1.808548223945225,-1.808548223945225,-1.808548223945225,-1.808548223945225,-1.808548223945225,-1.808548223945225,-1.808548223945225,-1.808548223945225,-1.808548223945225,-1.808548223945225,-1.808548223945225,-1.808548223945225,-1.808548223945225,-1.808548223945225]","[100,100,100,100,100,100,100,100,100,100,100,100,100,100,100,100]","[20,20,20,20,20,20,20,20,20,20,20,20,20,20,20,20]"
7200,7200,0.2586829769382358,0.1,10.0,0.0,-2.4290892313939185,4.143769986965035,random,0.04082497726911996,0.0021912350597610014,14,"[0.1,0.1,0.1,0.1,0.1,0.1,0.1,0.1,0.1,0.1,0.1,0.1,0.1,0.1]","[4.143769986965035,4.143769986965035,4.143769986965035,4.143769986965035,4.143769986965035,4.143769986965035,4.143769986965035,4.143769986965035,4.143769986965035,4.143769986965035,4.143769986965035,4.143769986965035,4.143769986965035,4.143769986965035]","[0.2586829769382358,0.2586829769382358,0.2586829769382358,0.2586829769382358,0.2586829769382358,0.2586829769382358,0.2586829769382358,0.2586829769382358,0.2586829769382358,0.2586829769382358,0.2586829769382358,0.2586829769382358,0.2586829769382358,0.2586829769382358]","[500,500,500,500,500,500,500,500,500,500,500,500,500,500]","[9.760956175299262E-4,8.565737051792477E-4,0.00308764940239048,0.01607569721115551,0.003525896414342533,0.0051593625498009,3.386454183267329E-4,0.0032071713147412695,0.001055776892430138,0.013167330677290923,0.0020119521912351224,0.0023705179282868805,3.7848605577686656E-4,8.16733067729003E-4]","[10.0,10.0,10.0,10.0,10.0,10.0,10.0,10.0,10.0,10.0,10.0,10.0,10.0,10.0]","[200,200,200,200,200,200,200,200,200,200,200,200,200,200]","[random,random,random,random,random,random,random,random,random,random,random,random,random,random]","[0.04226539524089418,0.0642866281291315,0.04061365922579474,0.029962233760201795,0.025512977469551334,0.017149929418583343,0.010293458346892548,0.04103629531244518,0.04611618800484907,0.042095153370783345,0.015348132004458226,0.045472348679913344,0.047724433101989094,0.0037960203930492153]","[-6179391091634527693,-1058874712080374407,3622021849184023492,6953216189969214394,1921362581989238779,2406504011040702414,6613805410871262105,9010262942990672997,8787789905409713454,4546840582336622561,-5467009362250784394,7202944419665652263,-4045712699120504832,-7531022007775282338]","[0.0,0.0,0.0,0.0,0.0,0.0,0.0,0.0,0.0,0.0,0.0,0.0,0.0,0.0]","[-2.4290892313939185,-2.4290892313939185,-2.4290892313939185,-2.4290892313939185,-2.4290892313939185,-2.4290892313939185,-2.4290892313939185,-2.4290892313939185,-2.4290892313939185,-2.4290892313939185,-2.4290892313939185,-2.4290892313939185,-2.4290892313939185,-2.4290892313939185]","[100,100,100,100,100,100,100,100,100,100,100,100,100,100]","[20,20,20,20,20,20,20,20,20,20,20,20,20,20]"
7200,7200,0.25884534688404726,0.9,0.5483397503036596,5.0,-3.301337416057894,2.5701721297090763,proximity,0.07851689080358581,0.005956175298804656,19,"[0.9,0.9,0.9,0.9,0.9,0.9,0.9,0.9,0.9,0.9,0.9,0.9,0.9,0.9,0.9,0.9,0.9,0.9,0.9]","[2.5701721297090763,2.5701721297090763,2.5701721297090763,2.5701721297090763,2.5701721297090763,2.5701721297090763,2.5701721297090763,2.5701721297090763,2.5701721297090763,2.5701721297090763,2.5701721297090763,2.5701721297090763,2.5701721297090763,2.5701721297090763,2.5701721297090763,2.5701721297090763,2.5701721297090763,2.5701721297090763,2.5701721297090763]","[0.25884534688404726,0.25884534688404726,0.25884534688404726,0.25884534688404726,0.25884534688404726,0.25884534688404726,0.25884534688404726,0.25884534688404726,0.25884534688404726,0.25884534688404726,0.25884534688404726,0.25884534688404726,0.25884534688404726,0.25884534688404726,0.25884534688404726,0.25884534688404726,0.25884534688404726,0.25884534688404726,0.25884534688404726]","[500,500,500,500,500,500,500,500,500,500,500,500,500,500,500,500,500,500,500]","[5.9760956175214375E-5,4.5816733067727267E-4,0.02209163346613552,0.008984063745019949,0.005956175298804656,0.004561752988047674,0.005159362549800678,0.0010557768924302213,0.0048007968127490586,0.0056374501992032255,0.01209163346613551,0.012808764940238887,0.007788844621514024,0.015119521912350553,0.013605577689243031,0.005199203187251061,0.014960159362549658,0.005239043824701278,0.014880478087649335]","[0.5483397503036596,0.5483397503036596,0.5483397503036596,0.5483397503036596,0.5483397503036596,0.5483397503036596,0.5483397503036596,0.5483397503036596,0.5483397503036596,0.5483397503036596,0.5483397503036596,0.5483397503036596,0.5483397503036596,0.5483397503036596,0.5483397503036596,0.5483397503036596,0.5483397503036596,0.5483397503036596,0.5483397503036596]","[200,200,200,200,200,200,200,200,200,200,200,200,200,200,200,200,200,200,200]","[proximity,proximity,proximity,proximity,proximity,proximity,proximity,proximity,proximity,proximity,proximity,proximity,proximity,proximity,proximity,proximity,proximity,proximity,proximity]","[0.009429223702329903,0.0705485646641304,0.018640129943557626,0.13510140630313372,0.132052774599194,0.04182109547931534,0.05213816148101974,0.10926084785219242,0.11121014177475841,0.07851689080358581,0.012528609619699593,0.13558474793406405,0.03921897393719287,0.1345814330104465,0.11884056273503829,0.05666364662723372,0.09588299921107735,0.005486976239443941,0.11728315207607126]","[4290212178430770517,-1999345433767826955,-5415011144383580800,6571354476871361259,-6131065496755586146,-3162102869183846416,4564491359328084009,1951954510017636013,154842488693270906,-4331614197345212817,4370338460393845278,-216188435264230553,3316818598043139649,-8623397758582670267,7931254108880518685,-7013597667396931042,8753057877880480802,8833338317149120877,-3790709627500123921]","[5.0,5.0,5.0,5.0,5.0,5.0,5.0,5.0,5.0,5.0,5.0,5.0,5.0,5.0,5.0,5.0,5.0,5.0,5.0]","[-3.301337416057894,-3.301337416057894,-3.301337416057894,-3.301337416057894,-3.301337416057894,-3.301337416057894,-3.301337416057894,-3.301337416057894,-3.301337416057894,-3.301337416057894,-3.301337416057894,-3.301337416057894,-3.301337416057894,-3.301337416057894,-3.301337416057894,-3.301337416057894,-3.301337416057894,-3.301337416057894,-3.301337416057894]","[100,100,100,100,100,100,100,100,100,100,100,100,100,100,100,100,100,100,100]","[20,20,20,20,20,20,20,20,20,20,20,20,20,20,20,20,20,20,20]"
7200,7200,0.2592500842730288,0.1,10.0,0.0,-2.248997963796244,5.0,random,0.02791365672431101,0.00547808764940258,17,"[0.1,0.1,0.1,0.1,0.1,0.1,0.1,0.1,0.1,0.1,0.1,0.1,0.1,0.1,0.1,0.1,0.1]","[5.0,5.0,5.0,5.0,5.0,5.0,5.0,5.0,5.0,5.0,5.0,5.0,5.0,5.0,5.0,5.0,5.0]","[0.2592500842730288,0.2592500842730288,0.2592500842730288,0.2592500842730288,0.2592500842730288,0.2592500842730288,0.2592500842730288,0.2592500842730288,0.2592500842730288,0.2592500842730288,0.2592500842730288,0.2592500842730288,0.2592500842730288,0.2592500842730288,0.2592500842730288,0.2592500842730288,0.2592500842730288]","[500,500,500,500,500,500,500,500,500,500,500,500,500,500,500,500,500]","[0.003047808764940263,0.005517928286852547,0.0017729083665339596,0.001812749003984121,0.0038446215139444073,0.00356573705179275,0.002011952191235039,8.16733067729003E-4,0.011254980079681287,0.011334661354581499,0.014960159362549963,0.018505976095617438,0.00547808764940258,0.007629482071713378,0.017071713147410184,0.0115737051792828,0.0031673306772907195]","[10.0,10.0,10.0,10.0,10.0,10.0,10.0,10.0,10.0,10.0,10.0,10.0,10.0,10.0,10.0,10.0,10.0]","[200,200,200,200,200,200,200,200,200,200,200,200,200,200,200,200,200]","[random,random,random,random,random,random,random,random,random,random,random,random,random,random,random,random,random]","[0.0034320693803643887,0.04595105111186365,0.0018411727771942554,0.01797491956173386,0.0189161630536952,0.01854480046647311,0.013403895636413699,0.03544508358384402,0.03053018204351099,0.05721957675805578,0.05583399210156742,0.07846917829815625,0.026022883823889842,0.018964714075337452,0.044964192791444146,0.05957963265039401,0.02791365672431101]","[-4585209984805985560,-7545304427466575036,2239543245746482980,4060495915322390492,-4459486736924133236,-8867564849815668794,7030983807574089972,2253466713535455332,244504766198853306,-8462659773092421003,-4785534948361422252,-3337951529520651278,-4011454483743758484,-7976348292722771380,3040508831869219667,-5228610026764753922,105122491109286179]","[0.0,0.0,0.0,0.0,0.0,0.0,0.0,0.0,0.0,0.0,0.0,0.0,0.0,0.0,0.0,0.0,0.0]","[-2.248997963796244,-2.248997963796244,-2.248997963796244,-2.248997963796244,-2.248997963796244,-2.248997963796244,-2.248997963796244,-2.248997963796244,-2.248997963796244,-2.248997963796244,-2.248997963796244,-2.248997963796244,-2.248997963796244,-2.248997963796244,-2.248997963796244,-2.248997963796244,-2.248997963796244]","[100,100,100,100,100,100,100,100,100,100,100,100,100,100,100,100,100]","[20,20,20,20,20,20,20,20,20,20,20,20,20,20,20,20,20]"
7200,7200,0.2500936059929244,0.1,8.549821571824857,0.0,-1.4399015320171547,4.159192439816644,random,0.02251262133707463,0.029123505976095546,26,"[0.1,0.1,0.1,0.1,0.1,0.1,0.1,0.1,0.1,0.1,0.1,0.1,0.1,0.1,0.1,0.1,0.1,0.1,0.1,0.1,0.1,0.1,0.1,0.1,0.1,0.1]","[4.159192439816644,4.159192439816644,4.159192439816644,4.159192439816644,4.159192439816644,4.159192439816644,4.159192439816644,4.159192439816644,4.159192439816644,4.159192439816644,4.159192439816644,4.159192439816644,4.159192439816644,4.159192439816644,4.159192439816644,4.159192439816644,4.159192439816644,4.159192439816644,4.159192439816644,4.159192439816644,4.159192439816644,4.159192439816644,4.159192439816644,4.159192439816644,4.159192439816644,4.159192439816644]","[0.2500936059929244,0.2500936059929244,0.2500936059929244,0.2500936059929244,0.2500936059929244,0.2500936059929244,0.2500936059929244,0.2500936059929244,0.2500936059929244,0.2500936059929244,0.2500936059929244,0.2500936059929244,0.2500936059929244,0.2500936059929244,0.2500936059929244,0.2500936059929244,0.2500936059929244,0.2500936059929244,0.2500936059929244,0.2500936059929244,0.2500936059929244,0.2500936059929244,0.2500936059929244,0.2500936059929244,0.2500936059929244,0.2500936059929244]","[500,500,500,500,500,500,500,500,500,500,500,500,500,500,500,500,500,500,500,500,500,500,500,500,500,500]","[0.030298804780876543,0.039103585657370654,0.030059760956175213,0.01567729083665348,0.02950199203187251,0.011733067729083668,0.028705179282868393,0.03404382470119521,0.03786852589641437,0.02252988047808757,0.028426294820717235,0.024322709163346667,0.013366533864541813,0.032808764940239016,0.049701195219123556,0.028745019920318582,0.021095617529880373,0.025199203187251024,0.03539840637450192,0.04237051792828686,0.017111553784860623,0.029501992031872593,0.03300796812748999,0.043207171314740944,0.02531872509960162,0.021812749003984305]","[8.549821571824857,8.549821571824857,8.549821571824857,8.549821571824857,8.549821571824857,8.549821571824857,8.549821571824857,8.549821571824857,8.549821571824857,8.549821571824857,8.549821571824857,8.549821571824857,8.549821571824857,8.549821571824857,8.549821571824857,8.549821571824857,8.549821571824857,8.549821571824857,8.549821571824857,8.549821571824857,8.549821571824857,8.549821571824857,8.549821571824857,8.549821571824857,8.549821571824857,8.549821571824857]","[200,200,200,200,200,200,200,200,200,200,200,200,200,200,200,200,200,200,200,200,200,200,200,200,200,200]","[random,random,random,random,random,random,random,random,random,random,random,random,random,random,random,random,random,random,random,random,random,random,random,random,random,random]","[1.0279165167359494E-4,0.0028733319604482555,0.04882599582806596,0.031363515503845585,0.05507890205194377,0.013110755838952048,0.06412769874325885,0.002455574794866966,0.003670899693524632,0.05116407939070122,0.028229872574535853,0.008216475779732724,0.016795370099613405,0.011214192124879452,4.671365511538794E-4,0.04343719792698242,0.009128001134360242,0.06575859866016376,0.0322188825321596,0.015178100094015656,8.567900936403139E-4,0.0447141107223904,0.062192063218541704,0.0026428142181993963,0.03004194635491586,0.04441481872958414]","[3583759408408050575,6765353073116755975,-6486427633694232777,-3783703349492567418,-6056161307930614218,5194314292762225893,4498602456661601506,-720284222277115807,2593281871806741827,2803286129939201354,6767097275549663003,-2493478744011102878,-1629013311715231405,8080053580601441798,-8815060451241187214,6598805186845258509,-3214336700856292886,6908062374371960697,-7886721277376191964,-926659318146745713,1839380161745925509,-7911245885042541042,3858044347644231436,4518140916460136042,97941940451619668,5203495716086359862]","[0.0,0.0,0.0,0.0,0.0,0.0,0.0,0.0,0.0,0.0,0.0,0.0,0.0,0.0,0.0,0.0,0.0,0.0,0.0,0.0,0.0,0.0,0.0,0.0,0.0,0.0]","[-1.4399015320171547,-1.4399015320171547,-1.4399015320171547,-1.4399015320171547,-1.4399015320171547,-1.4399015320171547,-1.4399015320171547,-1.4399015320171547,-1.4399015320171547,-1.4399015320171547,-1.4399015320171547,-1.4399015320171547,-1.4399015320171547,-1.4399015320171547,-1.4399015320171547,-1.4399015320171547,-1.4399015320171547,-1.4399015320171547,-1.4399015320171547,-1.4399015320171547,-1.4399015320171547,-1.4399015320171547,-1.4399015320171547,-1.4399015320171547,-1.4399015320171547,-1.4399015320171547]","[100,100,100,100,100,100,100,100,100,100,100,100,100,100,100,100,100,100,100,100,100,100,100,100,100,100]","[20,20,20,20,20,20,20,20,20,20,20,20,20,20,20,20,20,20,20,20,20,20,20,20,20,20]"
7200,7200,0.25971222094251156,0.1,8.542120959788306,0.0,-2.100158153179594,2.8750939076133153,random,0.051710080869845965,0.006055776892430184,22,"[0.1,0.1,0.1,0.1,0.1,0.1,0.1,0.1,0.1,0.1,0.1,0.1,0.1,0.1,0.1,0.1,0.1,0.1,0.1,0.1,0.1,0.1]","[2.8750939076133153,2.8750939076133153,2.8750939076133153,2.8750939076133153,2.8750939076133153,2.8750939076133153,2.8750939076133153,2.8750939076133153,2.8750939076133153,2.8750939076133153,2.8750939076133153,2.8750939076133153,2.8750939076133153,2.8750939076133153,2.8750939076133153,2.8750939076133153,2.8750939076133153,2.8750939076133153,2.8750939076133153,2.8750939076133153,2.8750939076133153,2.8750939076133153]","[0.25971222094251156,0.25971222094251156,0.25971222094251156,0.25971222094251156,0.25971222094251156,0.25971222094251156,0.25971222094251156,0.25971222094251156,0.25971222094251156,0.25971222094251156,0.25971222094251156,0.25971222094251156,0.25971222094251156,0.25971222094251156,0.25971222094251156,0.25971222094251156,0.25971222094251156,0.25971222094251156,0.25971222094251156,0.25971222094251156,0.25971222094251156,0.25971222094251156]","[500,500,500,500,500,500,500,500,500,500,500,500,500,500,500,500,500,500,500,500,500,500]","[0.00862549800796833,0.0025298804780874706,0.01834661354581668,0.003366533864541693,0.008984063745019949,0.00758964143426305,0.01460159362549815,0.00527888446215144,0.003446215139442238,0.00858565737051789,0.006792828685258795,0.010458167330677032,0.0073107569721116705,0.0016533864541833365,0.0038446215139441575,0.019143426294820742,0.0043625498007966446,0.008505976095617707,0.005318725099601573,0.0038446215139441853,0.0010159362549800321,0.002848605577689234]","[8.542120959788306,8.542120959788306,8.542120959788306,8.542120959788306,8.542120959788306,8.542120959788306,8.542120959788306,8.542120959788306,8.542120959788306,8.542120959788306,8.542120959788306,8.542120959788306,8.542120959788306,8.542120959788306,8.542120959788306,8.542120959788306,8.542120959788306,8.542120959788306,8.542120959788306,8.542120959788306,8.542120959788306,8.542120959788306]","[200,200,200,200,200,200,200,200,200,200,200,200,200,200,200,200,200,200,200,200,200,200]","[random,random,random,random,random,random,random,random,random,random,random,random,random,random,random,random,random,random,random,random,random,random]","[0.0568987293863667,0.024338610969111274,0.12394828737623664,0.016036922067803938,0.04119188958390885,0.06383524700638188,0.0835022919579112,0.04281663933168234,0.05909452609764315,0.08113477190099427,0.012669956584539677,0.07169174743975093,0.07542420751944612,0.04652143235332523,0.06039664127407446,0.03817004025162407,0.04209662153640076,0.03107215887488185,0.019999907586237153,0.029786870629154416,0.06571946586676064,0.07808783890801874]","[4936785605179093084,-2363887189129647369,-2139001149862988515,6595583711754365233,-6861897758056209240,9007581761434756452,-1593224471070753662,7041991778204237634,5656279130096152726,-4777105088627103249,-7773673998995577051,-8528529916436566858,475912162706340096,8643615803623419426,346620132741560093,494397374976536913,5945430246362362060,-927890805451970264,-6274835972620999318,-7217398718858352863,3242697291042761708,-9171047784843493862]","[0.0,0.0,0.0,0.0,0.0,0.0,0.0,0.0,0.0,0.0,0.0,0.0,0.0,0.0,0.0,0.0,0.0,0.0,0.0,0.0,0.0,0.0]","[-2.100158153179594,-2.100158153179594,-2.100158153179594,-2.100158153179594,-2.100158153179594,-2.100158153179594,-2.100158153179594,-2.100158153179594,-2.100158153179594,-2.100158153179594,-2.100158153179594,-2.100158153179594,-2.100158153179594,-2.100158153179594,-2.100158153179594,-2.100158153179594,-2.100158153179594,-2.100158153179594,-2.100158153179594,-2.100158153179594,-2.100158153179594,-2.100158153179594]","[100,100,100,100,100,100,100,100,100,100,100,100,100,100,100,100,100,100,100,100,100,100]","[20,20,20,20,20,20,20,20,20,20,20,20,20,20,20,20,20,20,20,20,20,20]"
7200,7200,0.2602078004554882,0.1,7.890629562737104,0.0,-2.1361120808565133,2.4096941276111874,proximity,0.08144218280321619,9.960159362557008E-5,1,"[0.1]","[2.4096941276111874]","[0.2602078004554882]","[500]","[9.960159362557008E-5]","[7.890629562737104]","[200]","[proximity]","[0.08144218280321619]","[-3478302402465552081]","[0.0]","[-2.1361120808565133]","[100]","[20]"
7200,7200,0.2508584119830912,0.1,10.0,0.0,-1.2132430066651114,4.081329652492899,random,0.009002194796714325,0.02141434262948204,12,"[0.1,0.1,0.1,0.1,0.1,0.1,0.1,0.1,0.1,0.1,0.1,0.1]","[4.081329652492899,4.081329652492899,4.081329652492899,4.081329652492899,4.081329652492899,4.081329652492899,4.081329652492899,4.081329652492899,4.081329652492899,4.081329652492899,4.081329652492899,4.081329652492899]","[0.2508584119830912,0.2508584119830912,0.2508584119830912,0.2508584119830912,0.2508584119830912,0.2508584119830912,0.2508584119830912,0.2508584119830912,0.2508584119830912,0.2508584119830912,0.2508584119830912,0.2508584119830912]","[500,500,500,500,500,500,500,500,500,500,500,500]","[0.02189243027888435,0.028306772908366695,0.03105577689243036,0.020737051792828698,0.006075697211155251,0.020936254980079727,0.02894422310756975,0.02571713147410362,0.020139442231075555,0.019103585657370525,0.02288844621513947,0.014561752988047794]","[10.0,10.0,10.0,10.0,10.0,10.0,10.0,10.0,10.0,10.0,10.0,10.0]","[200,200,200,200,200,200,200,200,200,200,200,200]","[random,random,random,random,random,random,random,random,random,random,random,random]","[0.0017208010235617577,0.006374753652728604,0.029389158334225063,0.004129043273322308,0.024560435874199205,0.01229808687383549,0.0021128554365165697,0.00878074342382229,0.009223646169606359,0.007764806842877947,0.06014274856253188,0.03205301142084421]","[-619332506254991306,4075393703638940553,8271862630389232336,7562221337575536962,-5205101161688252863,2770122526589464295,-1245237627617467777,-2732102936289921404,-7526182954420129323,6521731291589554629,3648861101206942683,-948782795236983399]","[0.0,0.0,0.0,0.0,0.0,0.0,0.0,0.0,0.0,0.0,0.0,0.0]","[-1.2132430066651114,-1.2132430066651114,-1.2132430066651114,-1.2132430066651114,-1.2132430066651114,-1.2132430066651114,-1.2132430066651114,-1.2132430066651114,-1.2132430066651114,-1.2132430066651114,-1.2132430066651114,-1.2132430066651114]","[100,100,100,100,100,100,100,100,100,100,100,100]","[20,20,20,20,20,20,20,20,20,20,20,20]"
7200,7200,0.25926239346930696,0.1,9.530081872988,0.0,-2.684876399453449,5.0,random,0.03804228451651659,3.386454183268439E-4,1,"[0.1]","[5.0]","[0.25926239346930696]","[500]","[3.386454183268439E-4]","[9.530081872988]","[200]","[random]","[0.03804228451651659]","[-4849138155668980925]","[0.0]","[-2.684876399453449]","[100]","[20]"
7200,7200,0.28638957575467405,0.1,9.740228590854542,0.0,-1.3124188195715742,5.0,random,0.01782742718048899,0.07569721115537836,20,"[0.1,0.1,0.1,0.1,0.1,0.1,0.1,0.1,0.1,0.1,0.1,0.1,0.1,0.1,0.1,0.1,0.1,0.1,0.1,0.1]","[5.0,5.0,5.0,5.0,5.0,5.0,5.0,5.0,5.0,5.0,5.0,5.0,5.0,5.0,5.0,5.0,5.0,5.0,5.0,5.0]","[0.28638957575467405,0.28638957575467405,0.28638957575467405,0.28638957575467405,0.28638957575467405,0.28638957575467405,0.28638957575467405,0.28638957575467405,0.28638957575467405,0.28638957575467405,0.28638957575467405,0.28638957575467405,0.28638957575467405,0.28638957575467405,0.28638957575467405,0.28638957575467405,0.28638957575467405,0.28638957575467405,0.28638957575467405,0.28638957575467405]","[500,500,500,500,500,500,500,500,500,500,500,500,500,500,500,500,500,500,500,500]","[0.08344621513944231,0.08332669322709182,0.08272908366533868,0.07161354581673299,0.09201195219123506,0.0726494023904383,0.05950199203187237,0.06930278884462157,0.07440239043824684,0.06292828685258947,0.060737051792828484,0.07671314741035876,0.07603585657370518,0.07906374501992006,0.07922310756972126,0.0963147410358565,0.06830677290836648,0.07535856573705155,0.09113545816733085,0.07523904382470123]","[9.740228590854542,9.740228590854542,9.740228590854542,9.740228590854542,9.740228590854542,9.740228590854542,9.740228590854542,9.740228590854542,9.740228590854542,9.740228590854542,9.740228590854542,9.740228590854542,9.740228590854542,9.740228590854542,9.740228590854542,9.740228590854542,9.740228590854542,9.740228590854542,9.740228590854542,9.740228590854542]","[200,200,200,200,200,200,200,200,200,200,200,200,200,200,200,200,200,200,200,200]","[random,random,random,random,random,random,random,random,random,random,random,random,random,random,random,random,random,random,random,random]","[0.017564559384798117,0.01998820698344994,0.040672213965873394,0.0036836295915826933,0.009877530370775156,0.0766734522125409,0.010738422579483098,0.016112618871484186,0.054461343461167766,0.07092283264994204,0.011347293066618691,0.008375234400331055,0.018090294976179866,0.027026082180825584,0.032477267834087775,0.010512894031184994,0.02256962368370441,0.011236485965006038,0.0020058464829187383,0.021649367505392703]","[3600149628686805562,6258168664064242444,-7493063023727003764,-2659247100743407187,667004245014983308,-42352407538718810,-1565649988927475915,6585994801192251783,4628437798054114627,-5011206915916618262,286621362782349542,5985948573526368692,-3442206314075969226,-4917995467588586405,-8656259137733443939,3444696294845753529,591572915521135854,-3381751401603481636,-4760129436661235833,7219458441475435386]","[0.0,0.0,0.0,0.0,0.0,0.0,0.0,0.0,0.0,0.0,0.0,0.0,0.0,0.0,0.0,0.0,0.0,0.0,0.0,0.0]","[-1.3124188195715742,-1.3124188195715742,-1.3124188195715742,-1.3124188195715742,-1.3124188195715742,-1.3124188195715742,-1.3124188195715742,-1.3124188195715742,-1.3124188195715742,-1.3124188195715742,-1.3124188195715742,-1.3124188195715742,-1.3124188195715742,-1.3124188195715742,-1.3124188195715742,-1.3124188195715742,-1.3124188195715742,-1.3124188195715742,-1.3124188195715742,-1.3124188195715742]","[100,100,100,100,100,100,100,100,100,100,100,100,100,100,100,100,100,100,100,100]","[20,20,20,20,20,20,20,20,20,20,20,20,20,20,20,20,20,20,20,20]"
7200,7200,0.2600538772317486,0.1,9.836912915628378,0.0,-2.794543924547913,2.714427348581676,random,0.038850093019739934,0.0024701195219123673,14,"[0.1,0.1,0.1,0.1,0.1,0.1,0.1,0.1,0.1,0.1,0.1,0.1,0.1,0.1]","[2.714427348581676,2.714427348581676,2.714427348581676,2.714427348581676,2.714427348581676,2.714427348581676,2.714427348581676,2.714427348581676,2.714427348581676,2.714427348581676,2.714427348581676,2.714427348581676,2.714427348581676,2.714427348581676]","[0.2600538772317486,0.2600538772317486,0.2600538772317486,0.2600538772317486,0.2600538772317486,0.2600538772317486,0.2600538772317486,0.2600538772317486,0.2600538772317486,0.2600538772317486,0.2600538772317486,0.2600538772317486,0.2600538772317486,0.2600538772317486]","[500,500,500,500,500,500,500,500,500,500,500,500,500,500]","[0.0028087649402390447,0.0020517928286853393,0.005199203187251006,3.7848605577686656E-4,5.9760956175464175E-5,0.007629482071713184,0.013286852589641407,2.1912350597599883E-4,0.025318725099601452,5.97609561753254E-5,9.362549800796816E-4,0.004521912350597707,0.00213147410358569,0.01898406374501993]","[9.836912915628378,9.836912915628378,9.836912915628378,9.836912915628378,9.836912915628378,9.836912915628378,9.836912915628378,9.836912915628378,9.836912915628378,9.836912915628378,9.836912915628378,9.836912915628378,9.836912915628378,9.836912915628378]","[200,200,200,200,200,200,200,200,200,200,200,200,200,200]","[random,random,random,random,random,random,random,random,random,random,random,random,random,random]","[0.016239018652203174,0.028745263924529807,0.037292444772033584,0.13609338744414967,0.024338018792779026,0.03778509945569891,0.035797312041383145,0.04413223279367573,0.05759654295244826,0.018875222844510653,0.04207113241980526,0.05084311997929675,0.03991508658378096,0.05013616284211575]","[4507330709255468416,2264567299084500746,8988675459639948818,-8757580807344408689,-7446139448763337510,3414944269400777982,-5753583328909740525,-1548382428429306216,-651305598105081602,1144401926925034919,8138565868995290935,893961601869556014,-3015603045958146706,-4548927957381071803]","[0.0,0.0,0.0,0.0,0.0,0.0,0.0,0.0,0.0,0.0,0.0,0.0,0.0,0.0]","[-2.794543924547913,-2.794543924547913,-2.794543924547913,-2.794543924547913,-2.794543924547913,-2.794543924547913,-2.794543924547913,-2.794543924547913,-2.794543924547913,-2.794543924547913,-2.794543924547913,-2.794543924547913,-2.794543924547913,-2.794543924547913]","[100,100,100,100,100,100,100,100,100,100,100,100,100,100]","[20,20,20,20,20,20,20,20,20,20,20,20,20,20]"
7200,7200,0.25733299294915857,0.1,9.65004044778,0.0,-1.5096863585771274,5.0,random,0.01256254638202109,0.004003984063745164,3,"[0.1,0.1,0.1]","[5.0,5.0,5.0]","[0.25733299294915857,0.25733299294915857,0.25733299294915857]","[500,500,500]","[0.0020119521912349836,0.004442231075697134,0.004003984063745164]","[9.65004044778,9.65004044778,9.65004044778]","[200,200,200]","[random,random,random]","[0.009824570416150646,0.01256254638202109,0.028839032581597535]","[-1737350665508772702,4023118423351926960,-7365383044689480999]","[0.0,0.0,0.0]","[-1.5096863585771274,-1.5096863585771274,-1.5096863585771274]","[100,100,100]","[20,20,20]"
7200,7200,0.25860788124003653,0.1,10.0,0.0,-2.25217380636235,5.0,random,0.01102904547427408,9.561752988046929E-4,2,"[0.1,0.1]","[5.0,5.0]","[0.25860788124003653,0.25860788124003653]","[500,500]","[0.00165338645418317,2.5896414342621576E-4]","[10.0,10.0]","[200,200]","[random,random]","[0.002271053827495484,0.019787037121052675]","[-2546408143643070269,-7718439926209927513]","[0.0,0.0]","[-2.25217380636235,-2.25217380636235]","[100,100]","[20,20]"
7200,7200,0.26117119080323203,0.1,10.0,0.0,-2.4902316679588026,5.0,random,0.019079191451013916,3.585657370517442E-4,2,"[0.1,0.1]","[5.0,5.0]","[0.26117119080323203,0.26117119080323203]","[500,500]","[1.39442231075676E-4,5.776892430278124E-4]","[10.0,10.0]","[200,200]","[random,random]","[0.013215877578311719,0.024942505323716113]","[2070852784294377922,-7881348404470007907]","[0.0,0.0]","[-2.4902316679588026,-2.4902316679588026]","[100,100]","[20,20]"
7200,7200,0.2585336739883551,0.1,10.0,0.0,-2.311381451539434,4.985663972339298,random,0.02033282152339222,0.003446215139442113,12,"[0.1,0.1,0.1,0.1,0.1,0.1,0.1,0.1,0.1,0.1,0.1,0.1]","[4.985663972339298,4.985663972339298,4.985663972339298,4.985663972339298,4.985663972339298,4.985663972339298,4.985663972339298,4.985663972339298,4.985663972339298,4.985663972339298,4.985663972339298,4.985663972339298]","[0.2585336739883551,0.2585336739883551,0.2585336739883551,0.2585336739883551,0.2585336739883551,0.2585336739883551,0.2585336739883551,0.2585336739883551,0.2585336739883551,0.2585336739883551,0.2585336739883551,0.2585336739883551]","[500,500,500,500,500,500,500,500,500,500,500,500]","[0.004203187250995971,0.01635458167330678,0.013366533864541952,0.0013346613545815456,0.002689243027888255,0.0023306772908366358,0.007988047808764803,0.00798804780876508,0.019422310756972122,0.001772908366533904,0.00105577689243036,0.0020517928286852283]","[10.0,10.0,10.0,10.0,10.0,10.0,10.0,10.0,10.0,10.0,10.0,10.0]","[200,200,200,200,200,200,200,200,200,200,200,200]","[random,random,random,random,random,random,random,random,random,random,random,random]","[0.012962865284513958,0.019698143680252522,0.018374580723727496,0.050886445277507186,0.013070207833465408,0.011644995630994859,0.028053852503317378,0.012369003574015658,0.023406465361720974,0.058831632137146095,0.020967499366531916,0.055949030873197636]","[-3240847020532744632,-2520436341563083947,6799490100372714824,7770229889097377084,6429088171301286154,-3609919447031175553,-6561001837046157049,3322814010541548321,1048208510020856884,-2134580054154825082,-2705034365347585602,6353587105110832598]","[0.0,0.0,0.0,0.0,0.0,0.0,0.0,0.0,0.0,0.0,0.0,0.0]","[-2.311381451539434,-2.311381451539434,-2.311381451539434,-2.311381451539434,-2.311381451539434,-2.311381451539434,-2.311381451539434,-2.311381451539434,-2.311381451539434,-2.311381451539434,-2.311381451539434,-2.311381451539434]","[100,100,100,100,100,100,100,100,100,100,100,100]","[20,20,20,20,20,20,20,20,20,20,20,20]"
7200,7200,0.28660838498406316,0.1,10.0,0.0,-1.3062485903883836,5.0,random,0.010244448231639197,0.07657370517928294,28,"[0.1,0.1,0.1,0.1,0.1,0.1,0.1,0.1,0.1,0.1,0.1,0.1,0.1,0.1,0.1,0.1,0.1,0.1,0.1,0.1,0.1,0.1,0.1,0.1,0.1,0.1,0.1,0.1]","[5.0,5.0,5.0,5.0,5.0,5.0,5.0,5.0,5.0,5.0,5.0,5.0,5.0,5.0,5.0,5.0,5.0,5.0,5.0,5.0,5.0,5.0,5.0,5.0,5.0,5.0,5.0,5.0]","[0.28660838498406316,0.28660838498406316,0.28660838498406316,0.28660838498406316,0.28660838498406316,0.28660838498406316,0.28660838498406316,0.28660838498406316,0.28660838498406316,0.28660838498406316,0.28660838498406316,0.28660838498406316,0.28660838498406316,0.28660838498406316,0.28660838498406316,0.28660838498406316,0.28660838498406316,0.28660838498406316,0.28660838498406316,0.28660838498406316,0.28660838498406316,0.28660838498406316,0.28660838498406316,0.28660838498406316,0.28660838498406316,0.28660838498406316,0.28660838498406316,0.28660838498406316]","[500,500,500,500,500,500,500,500,500,500,500,500,500,500,500,500,500,500,500,500,500,500,500,500,500,500,500,500]","[0.06878486055776897,0.07041832669322698,0.06862549800796827,0.07185258964143429,0.07579681274900399,0.0700597609561753,0.08846613545816714,0.07400398406374473,0.07249003984063748,0.05854581673306755,0.08551792828685265,0.0668725099601595,0.08221115537848603,0.07934262948207157,0.09229083665338647,0.08252988047808787,0.08105577689243046,0.0546812749003984,0.08384462151394431,0.0791434262948206,0.07308764940239046,0.0773505976095619,0.08097609561753003,0.06663346613545792,0.08830677290836661,0.07874501992031882,0.08296812749003965,0.07380478087649398]","[10.0,10.0,10.0,10.0,10.0,10.0,10.0,10.0,10.0,10.0,10.0,10.0,10.0,10.0,10.0,10.0,10.0,10.0,10.0,10.0,10.0,10.0,10.0,10.0,10.0,10.0,10.0,10.0]","[200,200,200,200,200,200,200,200,200,200,200,200,200,200,200,200,200,200,200,200,200,200,200,200,200,200,200,200]","[random,random,random,random,random,random,random,random,random,random,random,random,random,random,random,random,random,random,random,random,random,random,random,random,random,random,random,random]","[0.00770153216148084,0.010024334207223151,0.005786281019177497,0.0034114252446716953,0.04231696736000945,0.009815637446299652,0.003167242216394639,0.010464562256055243,0.03389878286310005,0.034730857664351966,0.006283764374979073,0.032086206014251495,6.656194921071945E-4,0.006449296532967053,0.02391536018190915,0.019958563655453898,0.03821787280080757,0.0013531491731993417,0.0037626395025247006,0.024458121074944106,0.05165627298067704,0.01949299979639124,0.01220797957555586,0.046205037371975344,0.04900192792771968,0.008850221463959917,0.0017095832739362216,0.002132524390944801]","[-8783494273684688963,-5727161348672707415,-510054328316610798,8713311586183165971,-7297723845884889698,421449789980193216,-1224256062931814963,7070168636199708849,-142384240139783100,1744716934659062235,-8891724617181711663,-4499717011909004472,-964960726408418692,-5827662086652518352,-1541754262731771243,8945197371685026946,9055162480527980298,3642897330246692144,-5290654230719814660,8250180365936934226,8341011875435658504,9114655427320195070,1309584159456343823,8036040850705168321,-1186248556811472900,5347190930545356458,3846595192073168378,-3606931717833806789]","[0.0,0.0,0.0,0.0,0.0,0.0,0.0,0.0,0.0,0.0,0.0,0.0,0.0,0.0,0.0,0.0,0.0,0.0,0.0,0.0,0.0,0.0,0.0,0.0,0.0,0.0,0.0,0.0]","[-1.3062485903883836,-1.3062485903883836,-1.3062485903883836,-1.3062485903883836,-1.3062485903883836,-1.3062485903883836,-1.3062485903883836,-1.3062485903883836,-1.3062485903883836,-1.3062485903883836,-1.3062485903883836,-1.3062485903883836,-1.3062485903883836,-1.3062485903883836,-1.3062485903883836,-1.3062485903883836,-1.3062485903883836,-1.3062485903883836,-1.3062485903883836,-1.3062485903883836,-1.3062485903883836,-1.3062485903883836,-1.3062485903883836,-1.3062485903883836,-1.3062485903883836,-1.3062485903883836,-1.3062485903883836,-1.3062485903883836]","[100,100,100,100,100,100,100,100,100,100,100,100,100,100,100,100,100,100,100,100,100,100,100,100,100,100,100,100]","[20,20,20,20,20,20,20,20,20,20,20,20,20,20,20,20,20,20,20,20,20,20,20,20,20,20,20,20]"
7200,7200,0.25747388027511153,0.1,9.65984659748396,0.0,-1.6538371320842824,5.0,random,0.02337894472241525,8.964143426293814E-4,5,"[0.1,0.1,0.1,0.1,0.1]","[5.0,5.0,5.0,5.0,5.0]","[0.25747388027511153,0.25747388027511153,0.25747388027511153,0.25747388027511153,0.25747388027511153]","[500,500,500,500,500]","[1.9920318725247244E-5,8.964143426293814E-4,0.001055776892430249,7.768924302789526E-4,0.011733067729083752]","[9.65984659748396,9.65984659748396,9.65984659748396,9.65984659748396,9.65984659748396]","[200,200,200,200,200]","[random,random,random,random,random]","[0.0517039884142072,0.005007216823014582,0.02337894472241525,0.006288963552469828,0.06196432162398008]","[-3709497382830789664,-7804531634229301505,8598896303078029404,-2556867445724762272,8287610317724693444]","[0.0,0.0,0.0,0.0,0.0]","[-1.6538371320842824,-1.6538371320842824,-1.6538371320842824,-1.6538371320842824,-1.6538371320842824]","[100,100,100,100,100]","[20,20,20,20,20]"
7200,7200,0.2599861726662905,0.1,9.809210887685431,0.0,-2.1372097418690794,1.2645532281971255,random,0.01521025874413967,0.0041633466135459485,7,"[0.1,0.1,0.1,0.1,0.1,0.1,0.1]","[1.2645532281971255,1.2645532281971255,1.2645532281971255,1.2645532281971255,1.2645532281971255,1.2645532281971255,1.2645532281971255]","[0.2599861726662905,0.2599861726662905,0.2599861726662905,0.2599861726662905,0.2599861726662905,0.2599861726662905,0.2599861726662905]","[500,500,500,500,500,500,500]","[0.0041633466135459485,0.0029681274900400234,3.3864541832664963E-4,0.003565737051792889,0.004681274900398519,0.007629482071713073,0.008306772908366483]","[9.809210887685431,9.809210887685431,9.809210887685431,9.809210887685431,9.809210887685431,9.809210887685431,9.809210887685431]","[200,200,200,200,200,200,200]","[random,random,random,random,random,random,random]","[0.008857977494999059,0.01521025874413967,0.034826852864705105,0.011264817218828715,0.03996694587278771,0.010527180449397211,0.043273231686481006]","[7749699925423472460,5077868737806250382,6907864718721955601,642897330859357394,6401462004266872816,-6462189528120150015,2737164681240095678]","[0.0,0.0,0.0,0.0,0.0,0.0,0.0]","[-2.1372097418690794,-2.1372097418690794,-2.1372097418690794,-2.1372097418690794,-2.1372097418690794,-2.1372097418690794,-2.1372097418690794]","[100,100,100,100,100,100,100]","[20,20,20,20,20,20,20]"
7200,7200,0.2550809604652596,0.1,10.0,0.0,-2.2694327987072827,4.931623012493435,random,0.009606480034787701,0.00878486055776903,15,"[0.1,0.1,0.1,0.1,0.1,0.1,0.1,0.1,0.1,0.1,0.1,0.1,0.1,0.1,0.1]","[4.931623012493435,4.931623012493435,4.931623012493435,4.931623012493435,4.931623012493435,4.931623012493435,4.931623012493435,4.931623012493435,4.931623012493435,4.931623012493435,4.931623012493435,4.931623012493435,4.931623012493435,4.931623012493435,4.931623012493435]","[0.2550809604652596,0.2550809604652596,0.2550809604652596,0.2550809604652596,0.2550809604652596,0.2550809604652596,0.2550809604652596,0.2550809604652596,0.2550809604652596,0.2550809604652596,0.2550809604652596,0.2550809604652596,0.2550809604652596,0.2550809604652596,0.2550809604652596]","[500,500,500,500,500,500,500,500,500,500,500,500,500,500,500]","[0.0028087649402389614,0.004203187250996027,0.005996015936255095,0.03181274900398412,0.013047808764940133,0.017709163346613543,0.00878486055776903,0.010179282868525957,0.00986055776892436,0.0018924302788843883,0.012808764940239026,0.006752988047808828,0.0035258964143425886,0.006952191235059774,0.015478087649402367]","[10.0,10.0,10.0,10.0,10.0,10.0,10.0,10.0,10.0,10.0,10.0,10.0,10.0,10.0,10.0]","[200,200,200,200,200,200,200,200,200,200,200,200,200,200,200]","[random,random,random,random,random,random,random,random,random,random,random,random,random,random,random]","[1.5219485572243174E-4,0.004789832097543689,0.033697927867983646,7.120588320747578E-4,0.008965434040492049,0.008007455372686323,0.0392090855615666,0.01826752689389094,0.009606480034787701,0.0017651413771884172,0.026746603584135553,0.0736056736193782,0.004969003319870491,0.03677653143461895,0.027714665635307778]","[7010276021175464536,3436834590962232574,-474441703655594066,-3058361863948552691,-9203059043258160136,-4977075125202636010,3330651487322581371,-2339693627952973116,-5077344113560568255,-3391949513323044166,-4506346439255021017,4340647541931095903,-4514860366436421856,-5656160710767004731,2370072208196318546]","[0.0,0.0,0.0,0.0,0.0,0.0,0.0,0.0,0.0,0.0,0.0,0.0,0.0,0.0,0.0]","[-2.2694327987072827,-2.2694327987072827,-2.2694327987072827,-2.2694327987072827,-2.2694327987072827,-2.2694327987072827,-2.2694327987072827,-2.2694327987072827,-2.2694327987072827,-2.2694327987072827,-2.2694327987072827,-2.2694327987072827,-2.2694327987072827,-2.2694327987072827,-2.2694327987072827]","[100,100,100,100,100,100,100,100,100,100,100,100,100,100,100]","[20,20,20,20,20,20,20,20,20,20,20,20,20,20,20]"
7200,7200,0.25891316110100815,0.1,10.0,0.0,-2.071961554696177,3.287967434259132,random,0.016502557866276524,0.00324701195219132,9,"[0.1,0.1,0.1,0.1,0.1,0.1,0.1,0.1,0.1]","[3.287967434259132,3.287967434259132,3.287967434259132,3.287967434259132,3.287967434259132,3.287967434259132,3.287967434259132,3.287967434259132,3.287967434259132]","[0.25891316110100815,0.25891316110100815,0.25891316110100815,0.25891316110100815,0.25891316110100815,0.25891316110100815,0.25891316110100815,0.25891316110100815,0.25891316110100815]","[500,500,500,500,500,500,500,500,500]","[0.004362549800796894,0.00324701195219132,0.004999999999999977,8.565737051792199E-4,0.005159362549800706,0.0027689243027888832,0.0038446215139441575,5.776892430280345E-4,2.58964143426077E-4]","[10.0,10.0,10.0,10.0,10.0,10.0,10.0,10.0,10.0]","[200,200,200,200,200,200,200,200,200]","[random,random,random,random,random,random,random,random,random]","[0.002636951171893831,0.004476685824525595,0.009837348240957278,0.012246043712599408,0.04944752773188282,0.016502557866276524,0.022336443287495122,0.02466851393805125,0.027714321548302834]","[5381669454713857579,-4902555479039728534,1316711830611666677,-7378852118132083004,-2942371197233028818,-6709062336932534209,7650969618743409990,-5399553616381202443,3278562038215942974]","[0.0,0.0,0.0,0.0,0.0,0.0,0.0,0.0,0.0]","[-2.071961554696177,-2.071961554696177,-2.071961554696177,-2.071961554696177,-2.071961554696177,-2.071961554696177,-2.071961554696177,-2.071961554696177,-2.071961554696177]","[100,100,100,100,100,100,100,100,100]","[20,20,20,20,20,20,20,20,20]"
7200,7200,0.26005659559276284,0.1,9.835365315372819,0.0,-2.65409471631804,2.9047134257802503,random,0.006349466713933077,0.004143426294820632,2,"[0.1,0.1]","[2.9047134257802503,2.9047134257802503]","[0.26005659559276284,0.26005659559276284]","[500,500]","[2.9880478087640494E-4,0.007988047808764859]","[9.835365315372819,9.835365315372819]","[200,200]","[random,random]","[0.005424166259737573,0.007274767168128582]","[4817054863431479433,435933045180609368]","[0.0,0.0]","[-2.65409471631804,-2.65409471631804]","[100,100]","[20,20]"
7200,7200,0.2575423071706284,0.1,9.736802435647935,0.0,-1.669449808176541,4.999793477608271,random,0.0018804586412548285,0.007151394422310692,2,"[0.1,0.1]","[4.999793477608271,4.999793477608271]","[0.2575423071706284,0.2575423071706284]","[500,500]","[0.009860557768924333,0.004442231075697051]","[9.736802435647935,9.736802435647935]","[200,200]","[random,random]","[1.2426562348005765E-4,0.0036366516590295994]","[-2238822672422589442,702312731934437471]","[0.0,0.0]","[-1.669449808176541,-1.669449808176541]","[100,100]","[20,20]"
7200,7200,0.26001593971104076,0.1,10.0,0.0,-2.5251098744091793,5.0,random,0.013957003689377856,0.00517928286852587,8,"[0.1,0.1,0.1,0.1,0.1,0.1,0.1,0.1]","[5.0,5.0,5.0,5.0,5.0,5.0,5.0,5.0]","[0.26001593971104076,0.26001593971104076,0.26001593971104076,0.26001593971104076,0.26001593971104076,0.26001593971104076,0.26001593971104076,0.26001593971104076]","[500,500,500,500,500,500,500,500]","[0.0030478087649403462,3.3864541832664963E-4,0.010617529880478066,0.002011952191235067,0.020179282868525966,0.0015338645418324914,0.012569721115537946,0.007310756972111393]","[10.0,10.0,10.0,10.0,10.0,10.0,10.0,10.0]","[200,200,200,200,200,200,200,200]","[random,random,random,random,random,random,random,random]","[0.0014607179068560905,0.03252770981023473,0.005973861599515851,0.013164432797072745,0.009968196377615646,0.03778156788002951,0.028225346151619757,0.014749574581682967]","[-1194538960599993697,2945211759750361280,-8082559490527156700,7484247823170676896,2601521328637163021,2040021467861951532,6994862249253321688,7362616519376776254]","[0.0,0.0,0.0,0.0,0.0,0.0,0.0,0.0]","[-2.5251098744091793,-2.5251098744091793,-2.5251098744091793,-2.5251098744091793,-2.5251098744091793,-2.5251098744091793,-2.5251098744091793,-2.5251098744091793]","[100,100,100,100,100,100,100,100]","[20,20,20,20,20,20,20,20]"
7200,7200,0.25808686425129124,0.1,10.0,0.0,-2.214106729242845,5.0,random,0.0012373699300624597,0.004243027888446299,1,"[0.1]","[5.0]","[0.25808686425129124]","[500]","[0.004243027888446299]","[10.0]","[200]","[random]","[0.0012373699300624597]","[6201133785212395773]","[0.0]","[-2.214106729242845]","[100]","[20]"
7200,7200,0.25903247111004335,0.1,9.889474622931782,0.0,-2.10119904543875,4.989334128859958,random,0.02449163606240709,0.0031673306772908305,8,"[0.1,0.1,0.1,0.1,0.1,0.1,0.1,0.1]","[4.989334128859958,4.989334128859958,4.989334128859958,4.989334128859958,4.989334128859958,4.989334128859958,4.989334128859958,4.989334128859958]","[0.25903247111004335,0.25903247111004335,0.25903247111004335,0.25903247111004335,0.25903247111004335,0.25903247111004335,0.25903247111004335,0.25903247111004335]","[500,500,500,500,500,500,500,500]","[0.003087649402390452,0.0014541832669321964,0.0022908366533863356,0.003247011952191209,0.0010956175298804938,0.00898406374502006,0.003486055776892455,0.010179282868525902]","[9.889474622931782,9.889474622931782,9.889474622931782,9.889474622931782,9.889474622931782,9.889474622931782,9.889474622931782,9.889474622931782]","[200,200,200,200,200,200,200,200]","[random,random,random,random,random,random,random,random]","[0.004790075278638228,0.0702507539938626,0.013004774070771441,0.02825132385854312,0.00826244153534017,0.02850913254072468,0.02102775649365224,0.027955515631161942]","[9072336157206461767,1108958276299994910,-2738052719713404728,-3399975888381036899,6130843269828063696,-1413788327248841638,-1736628745961852197,2283929619404830174]","[0.0,0.0,0.0,0.0,0.0,0.0,0.0,0.0]","[-2.10119904543875,-2.10119904543875,-2.10119904543875,-2.10119904543875,-2.10119904543875,-2.10119904543875,-2.10119904543875,-2.10119904543875]","[100,100,100,100,100,100,100,100]","[20,20,20,20,20,20,20,20]"
7200,7200,0.26135798945013444,0.1,10.0,0.0,-2.3394052984483356,5.0,random,0.004814226415280287,5.378486055778731E-4,1,"[0.1]","[5.0]","[0.26135798945013444]","[500]","[5.378486055778731E-4]","[10.0]","[200]","[random]","[0.004814226415280287]","[3038713400423563095]","[0.0]","[-2.3394052984483356]","[100]","[20]"
7200,7200,0.2602008373268372,0.1,9.974878621981254,0.0,-2.9156010931820635,4.059213061486973,random,0.01738602436182818,4.183266932272778E-4,1,"[0.1]","[4.059213061486973]","[0.2602008373268372]","[500]","[4.183266932272778E-4]","[9.974878621981254]","[200]","[random]","[0.01738602436182818]","[4156587163601480098]","[0.0]","[-2.9156010931820635]","[100]","[20]"
7200,7200,0.2563809162407502,0.1,9.86074047034925,0.0,-1.7568255037333618,4.850406627203296,random,0.017196411668692374,0.001852589641434324,6,"[0.1,0.1,0.1,0.1,0.1,0.1]","[4.850406627203296,4.850406627203296,4.850406627203296,4.850406627203296,4.850406627203296,4.850406627203296]","[0.2563809162407502,0.2563809162407502,0.2563809162407502,0.2563809162407502,0.2563809162407502,0.2563809162407502]","[500,500,500,500,500,500]","[0.002290836653386502,3.3864541832676065E-4,0.022928286852589574,0.00101593625498006,0.009422310756972141,0.001414342629482146]","[9.86074047034925,9.86074047034925,9.86074047034925,9.86074047034925,9.86074047034925,9.86074047034925]","[200,200,200,200,200,200]","[random,random,random,random,random,random]","[0.0018750008926466943,0.015635498336995735,0.014829217525202165,0.018757325000389014,0.05375835911345417,0.050430713146552286]","[7268685872351684856,3415286847770044783,-6022698961637396930,-4502055187710037223,-2046973480855322940,-904257596370600165]","[0.0,0.0,0.0,0.0,0.0,0.0]","[-1.7568255037333618,-1.7568255037333618,-1.7568255037333618,-1.7568255037333618,-1.7568255037333618,-1.7568255037333618]","[100,100,100,100,100,100]","[20,20,20,20,20,20]"
